idx,pivot,original,paraphrase,pred_label,pred_prob,correct,word_overlap,shap_top5_retention,shap_rank_corr,shap_n_shared_words,ig_top5_retention,ig_rank_corr,ig_n_shared_words,norm_edit_dist,bleu
509,de,a movie that successfully crushes a best selling novel into a timeframe that mandates that you avoid the godzilla sized soda .,"a film that successfully smashes a bestseller novel into a time frame, the mandates that you avoid the Godzilla size soda.",POSITIVE,0.6467157602310181,True,0.75,0.4,0.8464285714285712,15,0.0,0.5174825174825175,12,0.14285714285714285,0.254816209206472
509,fr,a movie that successfully crushes a best selling novel into a timeframe that mandates that you avoid the godzilla sized soda .,a film that successfully crushes a best selling novel within a time frame that requires you to avoid the Godzilla size soda.,POSITIVE,0.6467157602310181,True,0.8,0.6,0.95,16,0.2,0.412087912087912,13,0.1984126984126984,0.32598893462577894
330,de,and that leaves a hole in the center of the salton sea .,and that leaves a hole in the middle of the Salton Sea.,NEGATIVE,0.9984146356582642,True,0.9230769230769232,0.6,0.8181818181818183,12,1.0,0.9545454545454546,11,0.125,0.5344445934790545
330,fr,and that leaves a hole in the center of the salton sea .,and leaves a hole in the center of the salt sea.,NEGATIVE,0.9984146356582642,True,0.8461538461538461,0.8,0.8000000000000002,11,0.6,0.6606060606060605,10,0.14285714285714285,0.6316924187295793
537,de,"a simple , but gritty and well-acted ensemble drama that encompasses a potent metaphor for a country still dealing with its fascist past .",a simple but gloomy and well played ensemble drama that includes a strong metaphor for a country that still has to do with its fascist past.,POSITIVE,0.999842882156372,True,0.68,0.0,0.698529411764706,17,0.4,0.877450980392157,17,0.2714285714285714,0.2961516536011625
537,fr,"a simple , but gritty and well-acted ensemble drama that encompasses a potent metaphor for a country still dealing with its fascist past .","a simple overall drama, but gritty and well worked that includes a powerful metaphor for a country that still has to deal with its fascist past.",POSITIVE,0.999842882156372,True,0.76,0.4,0.6456140350877193,19,0.6,0.8224974200206397,18,0.4097222222222222,0.33034466035625115
641,de,the magic of the film lies not in the mysterious spring but in the richness of its performances .,"The magic of the film is not in the mysterious spring, but in the richness of its performances.",POSITIVE,0.9998371601104736,True,0.9333333333333332,1.0,0.7406593406593407,14,0.8,0.9725274725274724,13,0.041237113402061855,0.6514613449066714
641,fr,the magic of the film lies not in the mysterious spring but in the richness of its performances .,"The magic of the film lies not in the mysterious spring, but in the richness of its performances.",POSITIVE,0.9998371601104736,True,1.0,1.0,0.8535714285714284,15,1.0,0.978021978021978,14,0.020618556701030927,0.803154665668484
24,de,seldom has a movie so closely matched the spirit of a man and his work .,Rarely has a film been so closely aligned with the spirit of a man and his work.,POSITIVE,0.9965078234672546,True,0.8,0.6,0.6573426573426573,12,0.4,0.6013986013986015,12,0.3,0.5221736993169049
24,fr,seldom has a movie so closely matched the spirit of a man and his work .,It is rare that a film is so close to a man's mind and his work.,POSITIVE,0.9965078234672546,True,0.4666666666666667,0.2,0.0714285714285714,7,0.0,0.1428571428571428,7,0.5833333333333334,0.16467029855845897
631,de,burns never really harnesses to full effect the energetic cast .,Burns never really used to full effect of energetic occupation.,NEGATIVE,0.9994687438011168,True,0.6666666666666666,0.6,0.8571428571428572,8,0.4,0.7857142857142858,8,0.28125,0.19081654556856684
631,fr,burns never really harnesses to full effect the energetic cast .,never really burn harnesses full effect energy casting.,NEGATIVE,0.9994687438011168,True,0.5833333333333334,0.4,0.7500000000000002,7,0.6,0.7142857142857143,6,0.390625,0.11949988385687532
750,de,"nelson 's brutally unsentimental approach ... sucks the humanity from the film , leaving behind an horrific but weirdly unemotional spectacle .","Nelson's brutally unsentimental approach sucks humanity out of the film and leaves behind a terrible, but strangely unemotional spectacle.",NEGATIVE,0.9884506464004515,True,0.7777777777777778,0.4,0.6558441558441558,21,0.6,0.7911764705882354,16,0.24475524475524477,0.12643503153243066
750,fr,"nelson 's brutally unsentimental approach ... sucks the humanity from the film , leaving behind an horrific but weirdly unemotional spectacle .","nelson 's approach brutally insentiously ... sucks the humanity of the film, leaving behind a horrific but bizarrely carefree spectacle.",NEGATIVE,0.9884506464004515,True,0.6296296296296297,0.2,0.5955882352941178,17,0.2,0.6235294117647059,16,0.32867132867132864,0.420586626808612
439,de,yakusho and shimizu ... create engaging characterizations in imamura 's lively and enjoyable cultural mix .,Yakusho and Shimizu ... create appealing characterizations in Imamura 's lively and pleasant cultural mix.,POSITIVE,0.9998868703842164,True,0.9,0.4,0.997936016511868,18,0.8,1.0,13,0.1308411214953271,0.27434065146872855
439,fr,yakusho and shimizu ... create engaging characterizations in imamura 's lively and enjoyable cultural mix .,yakusho and shimizu ... create engaging characterizations in the lively and pleasant cultural mix of imamura.,POSITIVE,0.9998868703842164,True,0.9,0.6,0.9607843137254902,18,0.4,0.7762237762237763,12,0.25688073394495414,0.5705272878294272
716,de,"wince-inducing dialogue , thrift-shop costumes , prosthetic makeup by silly putty and kmart blue-light-special effects all conspire to test trekkie loyalty .","wince-inducing dialogue, savings-shop costumes, prosthetic makeup of silly putty and kmart blue-light special effects all conspire to test trekkie loyalty.",NEGATIVE,0.9982489347457886,True,0.9117647058823528,0.6,0.8941794013832518,31,1.0,0.8086956521739129,24,0.07643312101910828,0.5668706143897176
716,fr,"wince-inducing dialogue , thrift-shop costumes , prosthetic makeup by silly putty and kmart blue-light-special effects all conspire to test trekkie loyalty .","twince-inducing dialogue, treats-boutique costumes, prosthetic makeup by stupid putty and kmart blue-light-special effects all conspire to test trekkie fidelity.",NEGATIVE,0.9982489347457886,True,0.8235294117647058,0.4,0.9046837840540684,28,0.6,0.7168831168831169,21,0.16149068322981366,0.6139776196756082
589,de,if your taste runs to ` difficult ' films you absolutely ca n't miss it .,If your taste runs to `difficult' movies you absolutely ca n't miss it.,POSITIVE,0.9956886172294616,True,0.9411764705882352,1.0,0.988235294117647,16,1.0,0.8441176470588234,16,0.1095890410958904,0.6057824427486541
589,fr,if your taste runs to ` difficult ' films you absolutely ca n't miss it .,"If your taste runs into ""hard"" movies you absolutely do not miss it.",POSITIVE,0.9956886172294616,True,0.5294117647058824,0.4,0.8499999999999999,9,0.2,0.8666666666666667,9,0.3013698630136986,0.17395797375642236
264,de,"it ca n't decide if it wants to be a mystery/thriller , a romance or a comedy .","it can't decide if it wants to be a mystery/thriller, a romance or a comedy.",NEGATIVE,0.9995558857917786,True,0.8947368421052632,0.8,0.9926470588235295,17,1.0,0.9681372549019608,17,0.0379746835443038,0.8519156349446315
264,fr,"it ca n't decide if it wants to be a mystery/thriller , a romance or a comedy .","He won't decide if he wants to be a mystery/thriller, romance or comedy.",NEGATIVE,0.9995558857917786,True,0.8421052631578947,0.6,0.8823529411764707,16,0.8,0.9588235294117649,16,0.16455696202531644,0.43649077566592326
396,de,"a very well-made , funny and entertaining picture .","a very well done, funny and entertaining picture.",POSITIVE,0.9998832941055298,True,0.8181818181818182,0.8,0.9666666666666668,9,1.0,0.9666666666666668,9,0.11764705882352941,0.5814307369682195
396,fr,"a very well-made , funny and entertaining picture .","a very well made, fun and entertaining image.",POSITIVE,0.9998832941055298,True,0.7272727272727273,0.6,0.9047619047619048,8,0.8,0.9761904761904764,8,0.19607843137254902,0.13134549472120793
150,de,overall very good for what it 's trying to do .,Overall very good for what it is trying to do.,POSITIVE,0.9998157620429992,True,0.8333333333333334,0.4,0.6848484848484848,10,1.0,0.9757575757575756,10,0.0425531914893617,0.5877283725105319
150,fr,overall very good for what it 's trying to do .,overall very good for what he's trying to do.,POSITIVE,0.9998157620429992,True,0.9166666666666666,0.8,0.8090909090909091,11,1.0,0.990909090909091,11,0.0851063829787234,0.5954165059120785
523,de,a romantic comedy enriched by a sharp eye for manners and mores .,"a romantic comedy, enriched with a sharp eye for manners and more.",POSITIVE,0.9998592138290404,True,0.8461538461538461,0.6,0.6545454545454547,11,1.0,0.9272727272727272,10,0.10606060606060606,0.46825687910244035
523,fr,a romantic comedy enriched by a sharp eye for manners and mores .,a romantic comedy enriched with a sharp eye for manners and manners.,POSITIVE,0.9998592138290404,True,0.7692307692307693,0.8,0.5515151515151515,10,1.0,0.8787878787878788,10,0.1323529411764706,0.5923033072023252
419,de,i 'm just too bored to care .,I'm just too bored to take care of him.,NEGATIVE,0.9997988343238832,True,1.0,0.8,0.95,9,0.8,0.9666666666666668,9,0.3076923076923077,0.29071536848410967
419,fr,i 'm just too bored to care .,I'm too bored to care.,NEGATIVE,0.9997988343238832,True,0.8888888888888888,1.0,0.9047619047619048,8,0.6,0.8571428571428572,8,0.2413793103448276,0.5444460596606694
539,de,do not see this film .,don't see this movie.,NEGATIVE,0.9868507981300354,True,0.5,0.4,1.0,3,0.6,0.5,3,0.3181818181818182,0.19357693493908812
539,fr,do not see this film .,Don't see this movie.,NEGATIVE,0.9868507981300354,True,0.5,0.4,1.0,3,0.6,0.5,3,0.3181818181818182,0.19357693493908812
350,de,"his comedy premises are often hackneyed or just plain crude , calculated to provoke shocked laughter , without following up on a deeper level .","his comedy premises are often hacked or just raw, calculated to provoke shocking laughter, without moving up on a deeper level.",NEGATIVE,0.9979621171951294,True,0.76,0.6,0.9280701754385964,19,0.0,0.5333333333333333,19,0.16783216783216784,0.49439863103393294
350,fr,"his comedy premises are often hackneyed or just plain crude , calculated to provoke shocked laughter , without following up on a deeper level .","Its comic premises are often hackneyed or simply crude, calculated to provoke shocked laughs, without following at a deeper level.",NEGATIVE,0.9979621171951294,True,0.72,0.6,0.7874097007223942,18,0.6,0.5392156862745099,17,0.16083916083916083,0.4734490597792578
662,de,there 's not enough here to justify the almost two hours .,There's not enough here to justify the almost two hours.,NEGATIVE,0.9997205138206482,True,1.0,1.0,1.0,13,1.0,1.0,13,0.034482758620689655,0.8155395405382077
662,fr,there 's not enough here to justify the almost two hours .,There's not enough here to justify the almost two hours.,NEGATIVE,0.9997205138206482,True,1.0,1.0,1.0,13,1.0,1.0,13,0.034482758620689655,0.8155395405382077
251,de,the film tries too hard to be funny and tries too hard to be hip .,The movie tries too hard to be funny and too hard to be hip.,NEGATIVE,0.9995842576026917,True,0.9090909090909092,0.6666666666666666,0.9757575757575756,10,1.0,0.9878787878787878,10,0.18181818181818182,0.6774546186626391
251,fr,the film tries too hard to be funny and tries too hard to be hip .,The movie tries too hard to be funny and tries too hard to be hip.,NEGATIVE,0.9995842576026917,True,0.9090909090909092,1.0,1.0,10,1.0,0.9878787878787878,10,0.09090909090909091,0.8611735299633672
366,de,"altogether , this is successful as a film , while at the same time being a most touching reconsideration of the familiar masterpiece .","Overall, this is successful as a film, while at the same time a highly touching review of the well-known masterpiece.",POSITIVE,0.999795138835907,True,0.6666666666666666,0.6,0.9294117647058824,16,0.6,0.911764705882353,16,0.3208955223880597,0.5832251719920155
366,fr,"altogether , this is successful as a film , while at the same time being a most touching reconsideration of the familiar masterpiece .","Overall, it is a success like a movie, while at the same time being a most touching review of the familiar masterpiece.",POSITIVE,0.999795138835907,True,0.625,0.4,0.7999999999999999,15,0.2,0.8749999999999999,15,0.26119402985074625,0.5255781733673719
272,de,it 's like watching a nightmare made flesh .,It's like watching a nightmare made of meat.,NEGATIVE,0.9977481961250304,True,0.9,0.6,0.7833333333333333,9,0.8,0.9333333333333332,9,0.1590909090909091,0.46713797772820015
272,fr,it 's like watching a nightmare made flesh .,It's like watching a nightmare make flesh.,NEGATIVE,0.9977481961250304,True,0.9,0.8,0.9,9,0.8,0.95,9,0.06818181818181818,0.3628241434631104
369,de,"without ever becoming didactic , director carlos carrera expertly weaves this novelistic story of entangled interrelationships and complex morality .","without ever didactic, director carlos carrera expertly weaves this romantic story of entangled contexts and complex morality.",POSITIVE,0.999118149280548,True,0.7586206896551724,0.6,0.8647275125959234,22,0.4,0.9215686274509804,17,0.2080536912751678,0.5677931536092374
369,fr,"without ever becoming didactic , director carlos carrera expertly weaves this novelistic story of entangled interrelationships and complex morality .","without ever becoming didactic, the director carlos carrera expertly weaves this novelist story of interrelations between intertwined and complex morals.",POSITIVE,0.999118149280548,True,0.8275862068965517,0.6,0.9218717960418974,24,0.8,0.9323529411764706,16,0.23529411764705882,0.43280152762708535
751,de,one long string of cliches .,a long chain of clichés.,NEGATIVE,0.9997945427894592,True,0.625,0.6,1.0,5,0.8,1.0,4,0.32142857142857145,0.10682175159905853
751,fr,one long string of cliches .,a long chain of clichés.,NEGATIVE,0.9997945427894592,True,0.625,0.6,1.0,5,0.8,1.0,4,0.32142857142857145,0.10682175159905853
49,de,it 's hampered by a lifetime-channel kind of plot and a lead actress who is out of her depth .,It is hampered by a lifelong channel type of action and a leading actress that is from its depth.,NEGATIVE,0.9997772574424744,True,0.5238095238095238,0.4,0.5545454545454546,11,0.4,0.3272727272727273,11,0.30927835051546393,0.11451997463067551
49,fr,it 's hampered by a lifetime-channel kind of plot and a lead actress who is out of her depth .,It's hampered by a kind of lifetime plot and an actress in her head who's out of her depth.,NEGATIVE,0.9997772574424744,True,0.8095238095238095,0.6,0.6568627450980393,17,0.6,0.6470588235294119,17,0.43617021276595747,0.2908402945446887
28,de,"it 's a cookie-cutter movie , a cut-and-paste job .","It's a cookie cutter movie, a cut-and-paste job.",NEGATIVE,0.9915094375610352,True,1.0,0.8,0.7494505494505495,14,0.75,0.8285714285714285,14,0.0784313725490196,0.537284965911771
28,fr,"it 's a cookie-cutter movie , a cut-and-paste job .","It's a cookie-cut film, a glue-cut work.",NEGATIVE,0.9915094375610352,True,0.6428571428571429,0.4,0.9833333333333332,9,0.5,0.2666666666666666,9,0.45098039215686275,0.10147104008451904
45,de,it offers little beyond the momentary joys of pretty and weightless intellectual entertainment .,it offers little about the present pleasures of pretty and weightless intellectual entertainment.,NEGATIVE,0.9972707629203796,True,0.75,0.6,0.7482517482517484,12,0.6,0.6545454545454547,11,0.1958762886597938,0.5445178846139405
45,fr,it offers little beyond the momentary joys of pretty and weightless intellectual entertainment .,It offers little beyond the momentary joys of beautiful and weightless intellectual entertainment.,NEGATIVE,0.9972707629203796,True,0.9375,0.8,0.9857142857142854,15,0.8,0.9230769230769232,13,0.09183673469387756,0.6997522298221911
657,de,"expect the same-old , lame-old slasher nonsense , just with different scenery .","expect the same-old, lame-old slasher nonsense, only with different landscapes.",NEGATIVE,0.9992838501930236,True,0.8666666666666667,0.6,0.9615384615384616,13,0.8,0.9230769230769232,12,0.189873417721519,0.6262844962765469
657,fr,"expect the same-old , lame-old slasher nonsense , just with different scenery .","expect the same old, stupid old slasher, just with different landscapes.",NEGATIVE,0.9992838501930236,True,0.7333333333333333,0.4,0.8727272727272729,11,0.4,0.8545454545454544,10,0.35443037974683544,0.23397625978961173
140,de,sacrifices the value of its wealth of archival foot-age with its less-than-objective stance .,Sacrifices the value of his wealth at archive-footage with his less-than-objective attitude.,NEGATIVE,0.9996292591094972,True,0.6875,0.4,0.8909090909090911,11,1.0,0.881818181818182,11,0.1827956989247312,0.13159455544835677
140,fr,sacrifices the value of its wealth of archival foot-age with its less-than-objective stance .,sacrifices the value of its wealth of archives with its less than objective position.,NEGATIVE,0.9996292591094972,True,0.6875,0.8,0.990909090909091,11,0.6,0.9545454545454546,11,0.22580645161290322,0.45466972369917136
504,de,"the film is powerful , accessible and funny .","The film is powerful, accessible and funny.",POSITIVE,0.999887466430664,True,1.0,1.0,1.0,9,1.0,1.0,9,0.044444444444444446,0.8633400213704508
504,fr,"the film is powerful , accessible and funny .","The film is powerful, accessible and funny.",POSITIVE,0.999887466430664,True,1.0,1.0,1.0,9,1.0,1.0,9,0.044444444444444446,0.8633400213704508
810,de,"this is a good script , good dialogue , funny even for adults .","This is a good script, good dialogue, funny even for adults.",POSITIVE,0.9998687505722046,True,1.0,1.0,1.0,12,1.0,1.0,12,0.047619047619047616,0.9193227152249183
810,fr,"this is a good script , good dialogue , funny even for adults .","It's a good script, a good dialogue, even funny for adults.",POSITIVE,0.9998687505722046,True,0.8333333333333334,0.5,0.6,10,0.6,0.8424242424242423,10,0.2698412698412698,0.3438931217657843
391,de,... plays like somebody spliced random moments of a chris rock routine into what is otherwise a cliche-riddled but self-serious spy thriller .,"... plays like someone random moments of a Chris Rock routine into what is otherwise a cliché-dried, but self-heavy spy thriller.",NEGATIVE,0.9995707869529724,True,0.7407407407407407,0.4,0.8721804511278194,20,0.6,0.8872180451127819,20,0.1619718309859155,0.47883157403392246
391,fr,... plays like somebody spliced random moments of a chris rock routine into what is otherwise a cliche-riddled but self-serious spy thriller .,... plays like someone splashed random moments of a rock chris routine in what is otherwise a spy thriller riddled with clichés but self-serious.,NEGATIVE,0.9995707869529724,True,0.8148148148148148,0.6,0.7989836250705817,22,0.6,0.8766917293233082,20,0.36551724137931035,0.3597638750429047
476,de,involves two mysteries -- one it gives away and the other featuring such badly drawn characters that its outcome hardly matters .,includes two secrets -- one there is away and the other with so badly drawn characters that its result hardly counts.,NEGATIVE,0.9994779229164124,True,0.6363636363636364,0.6,0.8373626373626375,14,0.4,0.6483516483516484,14,0.32558139534883723,0.3127670021100431
476,fr,involves two mysteries -- one it gives away and the other featuring such badly drawn characters that its outcome hardly matters .,involves two mysteries - one it gives and the other featuring characters so poorly designed that its result has little importance.,NEGATIVE,0.9994779229164124,True,0.6818181818181818,0.4,0.6499999999999999,15,0.2,0.7607142857142856,15,0.4076923076923077,0.22475693988901024
761,de,"the result is a gaudy bag of stale candy , something from a halloween that died .","the result is a cheesy bag of old candy, something of a Halloween that died.",NEGATIVE,0.9997696280479432,True,0.7647058823529411,0.4,0.8846153846153846,13,0.4,0.8846153846153846,13,0.1728395061728395,0.29213008358451265
761,fr,"the result is a gaudy bag of stale candy , something from a halloween that died .","The result is a bag of suffocating candy, something of a Halloween that's dead.",NEGATIVE,0.9997696280479432,True,0.7058823529411765,0.2,0.8671328671328673,12,0.2,0.5874125874125874,12,0.2962962962962963,0.17279391259901541
415,de,"an operatic , sprawling picture that 's entertainingly acted , magnificently shot and gripping enough to sustain most of its 170-minute length .","an operatic, expansive image that played entertainingly, gorgeously shot and grippy enough to get most of its 170-minute length.",POSITIVE,0.9998511075973512,True,0.6923076923076923,0.4,0.6676986584107326,18,0.4,0.8602941176470589,17,0.3194444444444444,0.3894416906493938
415,fr,"an operatic , sprawling picture that 's entertainingly acted , magnificently shot and gripping enough to sustain most of its 170-minute length .","an operatic, a tentacular image that 'played entertainingly, beautifully turned and hung enough to support most of its 170 minutes of length.",POSITIVE,0.9998511075973512,True,0.6153846153846154,0.4,0.711764705882353,16,0.4,0.6071428571428571,15,0.4236111111111111,0.17947427045357242
708,de,"director of photography benoit delhomme shot the movie in delicious colors , and the costumes and sets are grand .","Director of photography benoit delhomme shot the film in delicious colors, and the costumes and sets are big.",POSITIVE,0.9998806715011596,True,0.9,0.6,0.954592363261094,18,0.6,0.6852941176470588,16,0.10526315789473684,0.7039848207052137
708,fr,"director of photography benoit delhomme shot the movie in delicious colors , and the costumes and sets are grand .","director of photography benoit delhomme shot the film in delicious colors, and the costumes and ensembles are grandiose.",POSITIVE,0.9998806715011596,True,0.9,0.8,0.9731682146542828,18,0.4,-0.075,15,0.13333333333333333,0.6586134739641669
236,de,not since japanese filmmaker akira kurosawa 's ran have the savagery of combat and the specter of death been visualized with such operatic grandeur .,not since the Japanese filmmaker akira kurosawa 's ran have visualized the ferocity of struggle and the ghost of death with such operatic greats.,POSITIVE,0.9984208345413208,True,0.7333333333333333,0.4,0.568765908023576,22,0.0,0.1771929824561403,19,0.38926174496644295,0.3112689303004677
236,fr,not since japanese filmmaker akira kurosawa 's ran have the savagery of combat and the specter of death been visualized with such operatic grandeur .,not since Japanese filmmaker Akira kurosawa ran into the savagery of the fight and the spectre of death was visualized with such operatic grandeur.,POSITIVE,0.9984208345413208,True,0.8,0.8,0.7645140428609312,24,0.6,0.6945304437564499,18,0.1476510067114094,0.3070898761263382
148,de,feels too formulaic and too familiar to produce the transgressive thrills of early underground work .,feels too formulaic and too familiar to produce the transcendent thrills of early underground work.,NEGATIVE,0.9998016953468324,True,0.85,0.75,0.9387254901960784,17,0.75,0.978021978021978,14,0.07920792079207921,0.8153551038173119
148,fr,feels too formulaic and too familiar to produce the transgressive thrills of early underground work .,feeling too formulaous and too familiar to produce the transgressive chills of early underground work.,NEGATIVE,0.9998016953468324,True,0.85,0.5,0.7745098039215688,17,0.75,0.9790209790209792,12,0.08823529411764706,0.6147881529512643
290,de,"deliriously funny , fast and loose , accessible to the uninitiated , and full of surprises","deliriously funny, fast and easy, accessible for the uninitiated, and full of surprises",POSITIVE,0.9998041987419128,True,0.8888888888888888,1.0,0.988235294117647,16,1.0,0.9454545454545454,11,0.1,0.641386525898168
290,fr,"deliriously funny , fast and loose , accessible to the uninitiated , and full of surprises","delusional funny, fast and cowardly, accessible to the uninitiated, and full of surprises",POSITIVE,0.9998041987419128,True,0.8333333333333334,0.6,0.7964285714285713,15,0.4,0.7727272727272727,11,0.15555555555555556,0.7447819789879645
532,de,"for anyone unfamiliar with pentacostal practices in general and theatrical phenomenon of hell houses in particular , it 's an eye-opener .","for all who are unfamiliar with pentacostal practices in general and theatrical phenomenon of hell houses in particular, it is an eye opener.",POSITIVE,0.9987462759017944,True,0.8518518518518519,0.8,0.7302371541501976,23,0.4,0.4947368421052631,20,0.0851063829787234,0.6429150913191742
532,fr,"for anyone unfamiliar with pentacostal practices in general and theatrical phenomenon of hell houses in particular , it 's an eye-opener .","For anyone who does not know the pentacostal practices in general and the theatrical phenomenon of the houses of hell in particular, he is an ophthalmologist.",POSITIVE,0.9987462759017944,True,0.7037037037037037,0.2,0.2403508771929824,19,0.0,0.5970588235294118,16,0.31645569620253167,0.23266541684590059
697,de,not since tom cruise in risky business has an actor made such a strong impression in his underwear .,not since Tom cruise in risky business an actor has made such a strong impression in his underwear.,POSITIVE,0.8139402866363525,True,1.0,1.0,0.8121775025799793,18,0.4,0.5810113519091847,18,0.09,0.6309433236258316
697,fr,not since tom cruise in risky business has an actor made such a strong impression in his underwear .,Not since Tom cruise in risky business to an actor made such a strong impression in his underwear.,POSITIVE,0.8139402866363525,True,0.9444444444444444,1.0,0.8946078431372549,17,0.2,0.7401960784313727,17,0.04,0.6859238121837059
110,de,"scores no points for originality , wit , or intelligence .","scores no points for originality, wit or intelligence.",NEGATIVE,0.999683141708374,True,1.0,0.8,0.9636363636363636,11,1.0,1.0,10,0.06896551724137931,0.7108667889750341
110,fr,"scores no points for originality , wit , or intelligence .","does not note points for originality, mind, or intelligence.",NEGATIVE,0.999683141708374,True,0.7272727272727273,0.2,0.8095238095238096,8,0.6,0.8928571428571429,7,0.23333333333333334,0.42401253518050375
727,de,"velocity represents everything wrong with '' independent film '' as a commodified , sold-out concept on the american filmmaking scene .","Speed stands for everything that is wrong with '' Independent Film '' as a commodified, sold-out concept in the American film scene.",NEGATIVE,0.9907295107841492,True,0.84,0.6,0.8844155844155844,21,0.4,0.6305469556243549,18,0.2518518518518518,0.3357306484097324
727,fr,"velocity represents everything wrong with '' independent film '' as a commodified , sold-out concept on the american filmmaking scene .","Speed represents everything that goes wrong with the ''independent movie'' as a commodified concept, sold-out on the American film scene.",NEGATIVE,0.9907295107841492,True,0.92,0.4,0.6166007905138341,23,0.6,0.631578947368421,20,0.36496350364963503,0.13150232544199308
818,de,the only excitement comes when the credits finally roll and you get to leave the theater .,the only excitement comes when the credits finally roll and you can leave the theater.,NEGATIVE,0.9963451027870178,True,0.8666666666666667,0.6,0.8846153846153846,13,0.4,0.0824175824175824,13,0.07777777777777778,0.7659552353576204
818,fr,the only excitement comes when the credits finally roll and you get to leave the theater .,The only excitement comes when credits finally roll and you can leave the theater.,NEGATIVE,0.9963451027870178,True,0.8666666666666667,0.8,0.901098901098901,13,0.4,0.3131868131868132,13,0.12222222222222222,0.5052815513370239
335,de,"with the exception of some fleetingly amusing improvisations by cedric the entertainer as perry 's boss , there is n't a redeeming moment here .","with the exception of some fleeting amusing improvisations of cedric the entertainer as perry 's boss, there is not a redeeming moment here.",NEGATIVE,0.9990684390068054,True,0.8620689655172413,0.6,0.78,25,0.4,0.8102766798418973,22,0.04861111111111111,0.6694660144597177
335,fr,"with the exception of some fleetingly amusing improvisations by cedric the entertainer as perry 's boss , there is n't a redeeming moment here .","with the exception of certain improvisations fleetingly amusing by Cedric the artist as the boss of Perry, there is not a moment of redemption here.",NEGATIVE,0.9990684390068054,True,0.7241379310344828,0.4,0.6896103896103896,21,0.4,0.7842105263157895,19,0.5067567567567568,0.17308158329459522
392,de,"an overemphatic , would-be wacky , ultimately tedious sex farce .","an overemphatic, would wacky, ultimately laborious sex farce.",NEGATIVE,0.9996065497398376,True,0.8333333333333334,0.8,0.9607142857142856,15,0.6,0.95,9,0.16923076923076924,0.3180094013853777
392,fr,"an overemphatic , would-be wacky , ultimately tedious sex farce .","a suremphatic stuffing, would be wacky, eventually tedious sex farce.",NEGATIVE,0.9996065497398376,True,0.6111111111111112,0.6,0.8727272727272729,11,0.4,0.880952380952381,8,0.3333333333333333,0.2390108882452813
710,de,"less dizzying than just dizzy , the jaunt is practically over before it begins .","less dizzy than just dizzy, the jaunt is practically over before it starts.",NEGATIVE,0.992305338382721,True,0.875,0.8,0.8285714285714285,14,1.0,0.9505494505494506,13,0.125,0.7311104457090251
710,fr,"less dizzying than just dizzy , the jaunt is practically over before it begins .","Less dizzying than just dizzying, yellowing is almost finished before it starts.",NEGATIVE,0.992305338382721,True,0.625,0.2,0.8787878787878788,10,0.4,0.8666666666666667,9,0.4,0.13919157443507976
364,de,"instead of hiding pinocchio from critics , miramax should have hidden it from everyone .","Instead of hiding Pinocchio from critics, Miramax should have hidden it from everyone.",NEGATIVE,0.9963623881340028,True,1.0,1.0,1.0,17,1.0,1.0,14,0.022727272727272728,0.5303624596095554
364,fr,"instead of hiding pinocchio from critics , miramax should have hidden it from everyone .","Instead of hiding pinocchio from critics, miramax should have hidden it from everyone.",NEGATIVE,0.9963623881340028,True,1.0,1.0,1.0,17,1.0,1.0,14,0.022727272727272728,0.9253911813809742
672,fr,"in all , this is a watchable movie that 's not quite the memorable experience it might have been .","Overall, it's an observable film that's not quite the memorable experience it could have been.",NEGATIVE,0.9990735054016112,True,0.5909090909090909,0.6,0.576923076923077,13,0.6,0.8461538461538461,13,0.29591836734693877,0.3086455873987503
712,de,they should have called it gutterball .,You should have called it Gutterball.,NEGATIVE,0.9987515211105348,True,0.8888888888888888,0.6,0.7619047619047621,8,0.8,1.0,6,0.1282051282051282,0.43472087194499137
712,fr,they should have called it gutterball .,They should have called it a gutter ball.,NEGATIVE,0.9987515211105348,True,1.0,0.6,0.7666666666666667,9,0.6,0.7714285714285715,6,0.0975609756097561,0.3155984539112945
831,de,it 's made with deftly unsettling genre flair .,It is made with deftly disturbing genre flair.,POSITIVE,0.9982864260673524,True,0.6153846153846154,0.6,0.880952380952381,8,0.6,0.8928571428571429,7,0.1702127659574468,0.29847458960098217
831,fr,it 's made with deftly unsettling genre flair .,It's made with a flickering style.,POSITIVE,0.9982864260673524,True,0.4615384615384615,0.0,0.3142857142857143,6,0.2,0.7714285714285715,6,0.48936170212765956,0.10923299908191149
550,de,... nothing scary here except for some awful acting and lame special effects .,... nothing scary here except for some terrible acting and lame special effects.,NEGATIVE,0.9997921586036682,True,0.9230769230769232,0.8,1.0,12,0.8,0.9930069930069932,12,0.1,0.8153551038173119
550,fr,... nothing scary here except for some awful acting and lame special effects .,"... nothing frightening here, except for horrible and lame special effects.",NEGATIVE,0.9997921586036682,True,0.6923076923076923,0.4,0.9833333333333332,9,0.4,0.8166666666666667,9,0.358974358974359,0.42835287319132476
174,de,if you dig on david mamet 's mind tricks ... rent this movie and enjoy !,If you dig on David Mamet's mind tricks ... rent this movie and enjoy!,POSITIVE,0.9996410608291626,True,1.0,1.0,1.0,18,1.0,1.0,17,0.027777777777777776,0.6566833926868653
174,fr,if you dig on david mamet 's mind tricks ... rent this movie and enjoy !,If you dig on David Mamet's mind tricks ... rent this movie and enjoy!,POSITIVE,0.9996410608291626,True,1.0,1.0,1.0,18,1.0,1.0,17,0.027777777777777776,0.6566833926868653
404,de,zhang ... has done an amazing job of getting realistic performances from his mainly nonprofessional cast .,zhang ... has done an amazing job of obtaining realistic achievements from his mainly nonprofessional occupation.,POSITIVE,0.999812662601471,True,0.85,0.6,0.928921568627451,17,0.6,0.9230769230769232,13,0.20353982300884957,0.6374542946641345
404,fr,zhang ... has done an amazing job of getting realistic performances from his mainly nonprofessional cast .,zhang ... has done an incredible job of getting realistic performances from its mainly non-professional distribution.,POSITIVE,0.999812662601471,True,0.65,0.4,0.9160944017214148,13,0.8,0.972027972027972,12,0.18803418803418803,0.5781724197275697
423,de,i am sorry that i was unable to get the full brunt of the comedy .,I'm sorry I wasn't able to get the full load of comedy.,NEGATIVE,0.9996967315673828,True,0.6,0.2,0.75,9,0.2,0.4166666666666666,9,0.3181818181818182,0.19619768066701138
423,fr,i am sorry that i was unable to get the full brunt of the comedy .,I'm sorry I was unable to get the biggest hit of the comedy.,NEGATIVE,0.9996967315673828,True,0.6666666666666666,0.6,0.9030303030303028,10,0.8,0.9393939393939392,10,0.2727272727272727,0.39636374772296123
581,de,"it can not be enjoyed , even on the level that one enjoys a bad slasher flick , primarily because it is dull .","it can't be enjoyed, even on the level that you enjoy a bad slasher flick, especially because it's boring.",NEGATIVE,0.9997900128364564,True,0.7391304347826086,0.6,0.8357843137254902,17,0.4,0.7941176470588236,16,0.21818181818181817,0.45774709280479015
581,fr,"it can not be enjoyed , even on the level that one enjoys a bad slasher flick , primarily because it is dull .","It cannot be appreciated, even at the level of a bad flick slasher, mainly because it is dull.",NEGATIVE,0.9997900128364564,True,0.6521739130434783,0.4,0.7178571428571427,15,0.6,0.8945054945054945,14,0.39090909090909093,0.22308697746370895
775,de,not really bad so much as distasteful : we need kidnapping suspense dramas right now like we need doomsday thrillers .,not really bad so much as despicable: we need kidnapping tension dramas at the moment as we need Doomsday thriller.,NEGATIVE,0.9218111038208008,True,0.64,0.6,0.8794117647058824,16,0.5,0.8626373626373626,13,0.2627118644067797,0.36227557436010244
775,fr,not really bad so much as distasteful : we need kidnapping suspense dramas right now like we need doomsday thrillers .,Not really as bad as hated: we need to remove suspensive dramas right now as we need thrillers of doomsday.,NEGATIVE,0.9218111038208008,True,0.64,0.6,0.9058823529411764,16,0.0,0.4725274725274725,13,0.4491525423728814,0.14130844488483976
596,de,"the director knows how to apply textural gloss , but his portrait of sex-as-war is strictly sitcom .","the director knows how to apply textural glamour, but his portrait of sex-as-war is strictly sitcom.",NEGATIVE,0.9953542947769164,True,0.9545454545454546,0.8,0.8532467532467533,21,0.8,0.8466165413533834,20,0.06,0.8394327083733333
596,fr,"the director knows how to apply textural gloss , but his portrait of sex-as-war is strictly sitcom .","The director knows how to apply the textural gloss, but his portrait of sex-as-war is strictly sitcom.",NEGATIVE,0.9953542947769164,True,1.0,0.8,0.9040090344438172,22,0.6,0.9415584415584416,21,0.058823529411764705,0.8026499775511908
256,de,rarely has so much money delivered so little entertainment .,Rarely has so much money provided so little entertainment.,NEGATIVE,0.9894986152648926,True,0.8888888888888888,1.0,1.0,8,1.0,0.9285714285714288,8,0.11666666666666667,0.5253819788848316
256,fr,rarely has so much money delivered so little entertainment .,rarely has as much money delivered so little entertainment.,NEGATIVE,0.9894986152648926,True,1.0,0.8,0.7666666666666667,9,1.0,0.8333333333333333,9,0.05,0.7071067811865478
576,de,"offers very little genuine romance and even fewer laughs ... a sad sitcom of a movie , largely devoid of charm .","offers very little real romance and even less laughs ... a sad sitcom of a movie, largely without charm.",NEGATIVE,0.9997960925102234,True,0.8421052631578947,0.4,0.888235294117647,16,0.4,0.7794117647058825,16,0.17857142857142858,0.608010546906164
576,fr,"offers very little genuine romance and even fewer laughs ... a sad sitcom of a movie , largely devoid of charm .","offers very little authentic romance and even less laughter ... a sad sitcom of a film, largely devoid of charm.",NEGATIVE,0.9997960925102234,True,0.7894736842105263,0.8,0.9428571428571428,15,0.8,0.9035714285714284,15,0.17857142857142858,0.5891285089649847
417,de,"uses sharp humor and insight into human nature to examine class conflict , adolescent yearning , the roots of friendship and sexual identity .","uses sharp humor and insight into human nature to investigate class conflicts, youthful longing, the roots of friendship and sexual identity.",POSITIVE,0.999793827533722,True,0.8181818181818182,0.8,0.958720330237358,18,1.0,0.9917440660474718,18,0.18309859154929578,0.677593999948928
417,fr,"uses sharp humor and insight into human nature to examine class conflict , adolescent yearning , the roots of friendship and sexual identity .","uses lively humour and insight into human nature to examine class conflicts, adolescent aspiration, the roots of friendship and gender identity.",POSITIVE,0.999793827533722,True,0.7727272727272727,0.6,0.9779411764705884,17,0.6,0.9950980392156864,17,0.1597222222222222,0.5374618498751262
302,de,the wild thornberrys movie is a jolly surprise .,the wild thornberry's movie is a funny surprise.,POSITIVE,0.9998781681060792,True,0.9090909090909092,0.6,0.8909090909090909,10,0.4,0.8571428571428573,7,0.125,0.26084743001221455
302,fr,the wild thornberrys movie is a jolly surprise .,The wild thorn movie is a good surprise.,POSITIVE,0.9998781681060792,True,0.7272727272727273,0.2,0.523809523809524,8,0.6,0.642857142857143,7,0.22916666666666666,0.23356898886410005
599,de,big fat waste of time .,big waste of fat of time.,NEGATIVE,0.999812662601471,True,1.0,1.0,0.942857142857143,6,0.8,1.0,6,0.4,0.32172944208038085
599,fr,big fat waste of time .,Big waste of time.,NEGATIVE,0.999812662601471,True,0.8333333333333334,0.8,0.3999999999999999,5,0.8,0.8999999999999998,5,0.21739130434782608,0.5475182535069452
8,de,you do n't have to know about music to appreciate the film 's easygoing blend of comedy and romance .,You don't need to know about music to appreciate the movie's loose mix of comedy and romance.,POSITIVE,0.9926711320877076,True,0.6818181818181818,0.4,0.8607142857142854,15,0.6,0.8285714285714284,15,0.2376237623762376,0.4735518214178292
8,fr,you do n't have to know about music to appreciate the film 's easygoing blend of comedy and romance .,you don't have to know about music to enjoy the movie 's easy mix of comedy and romance.,POSITIVE,0.9926711320877076,True,0.7272727272727273,0.4,0.8441176470588234,16,0.4,0.8499999999999999,15,0.25742574257425743,0.4426936479943905
435,de,a marvel like none you 've seen .,A miracle like no one you've seen.,POSITIVE,0.9997344613075256,True,0.7777777777777778,0.6,0.9642857142857144,7,0.4,0.4642857142857144,7,0.23529411764705882,0.12223075560872525
435,fr,a marvel like none you 've seen .,A wonder like none you've seen.,POSITIVE,0.9997344613075256,True,0.8888888888888888,0.8,1.0,8,0.4,0.880952380952381,8,0.21212121212121213,0.1610230726602675
229,de,this movie seems to have been written using mad-libs .,This movie seems to have been written with Mad-libs.,NEGATIVE,0.999426245689392,True,0.9230769230769232,0.8,0.8881118881118882,12,0.8,0.7272727272727273,11,0.09259259259259259,0.537284965911771
229,fr,this movie seems to have been written using mad-libs .,This movie seems to have been written using crazy libs.,NEGATIVE,0.999426245689392,True,0.8461538461538461,0.6,0.8000000000000002,11,0.6,0.5757575757575757,10,0.10909090909090909,0.5900468726392806
268,de,a dumb movie with dumb characters doing dumb things and you have to be really dumb not to see where this is going .,a stupid movie with stupid characters do stupid things and you really have to be stupid not to see where that goes.,NEGATIVE,0.9997665286064148,True,0.75,0.6666666666666666,0.8607142857142854,15,0.5,0.7678571428571428,15,0.3826086956521739,0.21212173450433447
268,fr,a dumb movie with dumb characters doing dumb things and you have to be really dumb not to see where this is going .,A stupid movie with stupid characters doing stupid things and you have to be really stupid not to see where it's going.,NEGATIVE,0.9997665286064148,True,0.85,0.6666666666666666,0.6544117647058824,17,0.5,0.8946078431372549,17,0.2184873949579832,0.4099135102374449
325,de,"liotta put on 30 pounds for the role , and has completely transformed himself from his smooth , goodfellas image .","liotta put on 30 pounds for the roll, and has completely changed from its smooth, goodfellas image.",POSITIVE,0.9998056292533876,True,0.8333333333333334,0.6,0.8210526315789473,20,0.2,0.2117647058823529,16,0.18421052631578946,0.5744888426961037
325,fr,"liotta put on 30 pounds for the role , and has completely transformed himself from his smooth , goodfellas image .","liotta put on 30 pounds for the role, and completely transformed from its smooth, goodbella image.",POSITIVE,0.9998056292533876,True,0.7916666666666666,0.6,0.912280701754386,19,0.6,0.9088235294117648,16,0.16666666666666666,0.5328323537525492
249,de,huston nails both the glad-handing and the choking sense of hollow despair .,Huston nails both the happy hand and the suffocating feeling of hollow despair.,POSITIVE,0.8497821092605591,True,0.6666666666666666,0.4,0.7454545454545454,10,0.6,0.7833333333333333,9,0.2911392405063291,0.2865612242047131
249,fr,huston nails both the glad-handing and the choking sense of hollow despair .,Huston nails both pleasure and suffocating feeling of hollow despair.,POSITIVE,0.8497821092605591,True,0.6,0.2,0.8166666666666667,9,0.4,0.7619047619047621,8,0.3815789473684211,0.24177037175577332
627,de,nervous breakdowns are not entertaining .,Nerve collapses are not entertaining.,NEGATIVE,0.999804437160492,True,0.5714285714285714,0.4,1.0,4,0.8,1.0,4,0.3170731707317073,0.5081327481546147
627,fr,nervous breakdowns are not entertaining .,Nervous depressions are not entertaining.,NEGATIVE,0.999804437160492,True,0.8571428571428571,0.8,1.0,6,0.8,1.0,5,0.1951219512195122,0.5081327481546147
129,de,"it provides the grand , intelligent entertainment of a superior cast playing smart people amid a compelling plot .","it offers the great, intelligent entertainment of a superior cast playing intelligent people in the midst of a convincing action.",POSITIVE,0.9998844861984252,True,0.6666666666666666,0.4,0.8741258741258742,12,0.4,0.9230769230769232,12,0.3333333333333333,0.35312971890292766
129,fr,"it provides the grand , intelligent entertainment of a superior cast playing smart people amid a compelling plot .","It provides the great, intelligent entertainment of a superior cast playing intelligent people in the midst of a convincing plot.",POSITIVE,0.9998844861984252,True,0.7777777777777778,0.4,0.8681318681318682,14,0.6,0.9252747252747252,14,0.24806201550387597,0.38305978177479744
773,de,it 's a beautiful madness .,It's a beautiful madness.,POSITIVE,0.9997463822364808,True,1.0,1.0,1.0,7,1.0,1.0,7,0.07407407407407407,0.5475182535069452
773,fr,it 's a beautiful madness .,It's a beautiful madness.,POSITIVE,0.9997463822364808,True,1.0,1.0,1.0,7,1.0,1.0,7,0.07407407407407407,0.5475182535069452
402,de,"however it may please those who love movies that blare with pop songs , young science fiction fans will stomp away in disgust .","However, it may please those who love movies that are blank with pop songs, young science fiction fans will stomp away in disgust.",NEGATIVE,0.9988963603973388,True,0.8888888888888888,0.8,0.7347826086956522,24,0.6,0.7460474308300395,23,0.06923076923076923,0.7709002428237394
402,fr,"however it may please those who love movies that blare with pop songs , young science fiction fans will stomp away in disgust .","However, it can please those who love movies that blaze with pop songs, young sci-fi fans will grapple far in disgust.",NEGATIVE,0.9988963603973388,True,0.6666666666666666,0.4,0.8410732714138286,18,0.2,0.5933952528379773,18,0.1968503937007874,0.422938554232042
239,de,brilliantly explores the conflict between following one 's heart and following the demands of tradition .,brilliant explores the conflict between the heart follow and the requirements of tradition.,POSITIVE,0.9998552799224854,True,0.625,1.0,0.9393939393939392,10,0.6,0.8833333333333333,9,0.3142857142857143,0.2436797363594402
239,fr,brilliantly explores the conflict between following one 's heart and following the demands of tradition .,brilliantly explores the conflict between following one's heart and following the demands of tradition.,POSITIVE,0.9998552799224854,True,1.0,1.0,1.0,16,1.0,1.0,15,0.01904761904761905,0.748705249982442
534,de,i just loved every minute of this film .,I just loved every minute of this movie.,POSITIVE,0.9998762607574464,True,0.8888888888888888,0.8,0.9761904761904764,8,0.8,0.9523809523809524,8,0.125,0.6104735835807847
534,fr,i just loved every minute of this film .,I just loved every minute of this movie.,POSITIVE,0.9998762607574464,True,0.8888888888888888,0.8,0.9761904761904764,8,0.8,0.9523809523809524,8,0.125,0.6104735835807847
202,de,"there ought to be a directing license , so that ed burns can have his revoked .",It should be a directing license so that ed burns can be revoked his.,NEGATIVE,0.9993591904640198,True,0.7058823529411765,0.6,0.8811188811188813,12,0.6,0.5734265734265735,12,0.3037974683544304,0.38757051682614635
202,fr,"there ought to be a directing license , so that ed burns can have his revoked .","There should be a management license, so that ed burns can have its revocation.",NEGATIVE,0.9993591904640198,True,0.7058823529411765,0.4,0.8181818181818183,12,0.6,0.7552447552447553,12,0.31645569620253167,0.46578652365178486
316,de,"awesome creatures , breathtaking scenery , and epic battle scenes add up to another ` spectacular spectacle . '","awesome creatures, stunning scenery, and epic battle scenes add to another ‘ spectacular spectacle.'",POSITIVE,0.9998847246170044,True,0.7894736842105263,0.8,0.9535714285714284,15,0.4,0.8714285714285712,15,0.14414414414414414,0.5379348324975909
316,fr,"awesome creatures , breathtaking scenery , and epic battle scenes add up to another ` spectacular spectacle . '","Impressive creatures, breathtaking landscapes, and epic battle scenes are added to another ""spectacular spectacle.""",POSITIVE,0.9998847246170044,True,0.6842105263157895,0.6,0.9065934065934068,13,0.4,0.8951048951048951,12,0.25217391304347825,0.33488655580657245
31,de,"... designed to provide a mix of smiles and tears , `` crossroads '' instead provokes a handful of unintentional howlers and numerous yawns .","... designed to create a mixture of smiles and tears, ``crossing ''' instead provoked a handful of unintentional howlers and numerous yawns.",NEGATIVE,0.9966211318969728,True,0.8518518518518519,0.8,0.9305918150706208,23,0.8,0.8039215686274511,17,0.1347517730496454,0.6240356826033472
31,fr,"... designed to provide a mix of smiles and tears , `` crossroads '' instead provokes a handful of unintentional howlers and numerous yawns .","... designed to provide a mixture of smiles and tears, ""crossroad"" instead of causing a handful of involuntary screams and many gags.",NEGATIVE,0.9966211318969728,True,0.4814814814814814,0.4,0.8186813186813187,13,0.4,0.1608391608391608,12,0.3475177304964539,0.39251213650526606
510,de,"the vivid lead performances sustain interest and empathy , but the journey is far more interesting than the final destination .","the lively lead performances get interest and empathy, but the trip is much more interesting than the final destination.",POSITIVE,0.9992905855178832,True,0.7894736842105263,0.6,0.5249999999999999,15,0.6,0.7999999999999999,15,0.1732283464566929,0.5469200314562076
510,fr,"the vivid lead performances sustain interest and empathy , but the journey is far more interesting than the final destination .","live lead performance supports interest and empathy, but the trip is much more interesting than the final destination.",POSITIVE,0.9992905855178832,True,0.7368421052631579,0.6,0.4945054945054946,14,0.4,0.7978021978021977,14,0.2047244094488189,0.5201338802135473
674,de,atom egoyan has conjured up a multilayered work that tackles any number of fascinating issues,Atomegoyan has produced a multilayered work that attacks every number of fascinating topics.,POSITIVE,0.9992473125457764,True,0.6842105263157895,0.2,0.5659340659340659,13,0.6,0.5714285714285715,8,0.24731182795698925,0.2475215108688025
674,fr,atom egoyan has conjured up a multilayered work that tackles any number of fascinating issues,atom egoyan has conjured a multilayered work that addresses a number of fascinating issues,POSITIVE,0.9992473125457764,True,0.8421052631578947,0.8,0.976470588235294,16,0.6,0.6643356643356644,12,0.12903225806451613,0.49658283199988307
318,fr,hit and miss as far as the comedy goes and a big ole ' miss in the way of story .,hit and miss until the comedy goes and a great ole ' missed in the way of history.,NEGATIVE,0.9934966564178468,True,0.7647058823529411,0.5,0.6703296703296703,13,0.2,0.2252747252747252,13,0.23170731707317074,0.371515536116058
522,de,"it has its moments of swaggering camaraderie , but more often just feels generic , derivative and done to death .","it has done its moments of swaggering camaradery, but more often feels just generic, derivative and to death.",NEGATIVE,0.999658226966858,True,0.96,0.8,0.8565217391304346,24,0.4,0.8684210526315789,19,0.22123893805309736,0.4328015276270855
522,fr,"it has its moments of swaggering camaraderie , but more often just feels generic , derivative and done to death .","He has his moments of sneaky camaraderie, but most often feels generic, derived and made to death.",NEGATIVE,0.999658226966858,True,0.64,0.6,0.9323529411764706,16,0.6,0.7362637362637362,13,0.26548672566371684,0.179365269258939
762,de,it 's a lovely film with lovely performances by buy and accorsi .,It's a nice movie with beautiful performances by Buy and Accorsi.,POSITIVE,0.9998818635940552,True,0.8666666666666667,0.5,0.9945054945054944,13,0.4,0.990909090909091,11,0.3076923076923077,0.08201060181277783
762,fr,it 's a lovely film with lovely performances by buy and accorsi .,It's a nice movie with great performance by purchase and accorsi.,POSITIVE,0.9998818635940552,True,0.7333333333333333,0.0,0.990909090909091,11,0.4,0.9333333333333332,9,0.36923076923076925,0.13792484215432935
848,de,his healthy sense of satire is light and fun ...,its healthy feeling of satire is light and fun ...,POSITIVE,0.9998549222946168,True,0.8,1.0,1.0,8,0.8,0.9761904761904764,8,0.16,0.7292571723872932
848,fr,his healthy sense of satire is light and fun ...,its healthy sense of satire is light and fun ...,POSITIVE,0.9998549222946168,True,0.9,1.0,0.9833333333333332,9,0.8,0.9833333333333332,9,0.041666666666666664,0.9036020036098446
502,de,"deadeningly dull , mired in convoluted melodrama , nonsensical jargon and stiff-upper-lip laboriousness .","repulsive dull , tangled melodrama , nonsensical jargon and stiff top-lip laborious .",NEGATIVE,0.9998096823692322,True,0.6,0.4,0.9277605779153768,18,0.4,0.6606060606060605,10,0.3142857142857143,0.31843164596791895
502,fr,"deadeningly dull , mired in convoluted melodrama , nonsensical jargon and stiff-upper-lip laboriousness .","coiled melodrama, non-sensitive jargon and hard work of the stiff tip.",NEGATIVE,0.9998096823692322,True,0.3666666666666666,0.4,0.8909090909090911,11,0.0,-0.2142857142857143,7,0.638095238095238,0.08554426802455124
41,de,"this illuminating documentary transcends our preconceived vision of the holy land and its inhabitants , revealing the human complexities beneath .","this illuminating documentation transcends our preconceived vision of the Holy Land and its inhabitants , revealing the human complexities below .",POSITIVE,0.9996800422668456,True,0.925925925925926,1.0,0.9884615384615384,25,0.8,0.9855521155830752,18,0.06164383561643835,0.5923136157487708
41,fr,"this illuminating documentary transcends our preconceived vision of the holy land and its inhabitants , revealing the human complexities beneath .","This enlightening documentary transcends our preconceived vision of the Holy Land and its inhabitants, revealing the underlying human complexities.",POSITIVE,0.9996800422668456,True,0.925925925925926,0.8,0.9146153846153846,25,0.6,0.8472652218782251,18,0.19727891156462585,0.5386933265263313
647,de,too much of the humor falls flat .,Too much humor falls flat.,NEGATIVE,0.999805748462677,True,0.75,0.8,1.0,6,1.0,0.5428571428571429,6,0.23529411764705882,0.38498150077635496
647,fr,too much of the humor falls flat .,Too much humor goes down.,NEGATIVE,0.999805748462677,True,0.5,0.4,1.0,4,0.6,0.7999999999999999,4,0.47058823529411764,0.07654112967106118
434,de,almost gags on its own gore .,almost gag on your own gore.,NEGATIVE,0.994198441505432,True,0.75,1.0,1.0,6,0.4,0.7,5,0.20689655172413793,0.2777619034011791
434,fr,almost gags on its own gore .,Almost gags on his own gore.,NEGATIVE,0.994198441505432,True,0.875,1.0,1.0,7,0.6,0.942857142857143,6,0.10344827586206896,0.30739407647563216
822,de,it 's a buggy drag .,It's a buggy drag.,NEGATIVE,0.9997678399086,True,1.0,1.0,1.0,8,1.0,1.0,7,0.1,0.5475182535069452
822,fr,it 's a buggy drag .,It's a buggy drag.,NEGATIVE,0.9997678399086,True,1.0,1.0,1.0,8,1.0,1.0,7,0.1,0.5475182535069452
327,de,"it proves quite compelling as an intense , brooding character study .","it proves to be very convincing as an intense, brooding character study.",POSITIVE,0.9997699856758118,True,0.8333333333333334,0.4,0.6969696969696969,10,0.6,0.8787878787878788,10,0.2222222222222222,0.5622008276590378
327,fr,"it proves quite compelling as an intense , brooding character study .","it is quite convincing as a study of intense character, incubating.",POSITIVE,0.9997699856758118,True,0.6666666666666666,0.4,0.523809523809524,8,0.4,0.9047619047619048,8,0.5362318840579711,0.0519515108711678
592,de,zaidan 's script has barely enough plot to string the stunts together and not quite enough characterization to keep the faces straight .,zaidan 's script has barely enough action to keep the stunts together and not quite enough characterization to keep the faces straight.,NEGATIVE,0.9997233748435974,True,0.9130434782608696,0.8,0.8103896103896104,21,1.0,0.963157894736842,19,0.08823529411764706,0.7944837206494969
592,fr,zaidan 's script has barely enough plot to string the stunts together and not quite enough characterization to keep the faces straight .,Zaidan's script barely has enough plot to chain the cascades together and not enough characterization to keep the faces straight.,NEGATIVE,0.9997233748435974,True,0.8695652173913043,0.6,0.6917293233082705,20,0.6,0.8534571723426212,18,0.19117647058823528,0.44055594594452957
29,de,i had to look away - this was god awful .,I had to look away - that was God's terrible.,NEGATIVE,0.9970059990882874,True,0.8181818181818182,0.4,0.8833333333333333,9,0.2,0.6166666666666666,9,0.24444444444444444,0.3816330911371337
636,de,"offers much to enjoy ... and a lot to mull over in terms of love , loyalty and the nature of staying friends .","offers much to enjoy ... and much to mull about in terms of love, loyalty and the nature of permanent friends.",POSITIVE,0.9996907711029052,True,0.8095238095238095,0.6,0.7450980392156863,17,0.6,0.7970588235294117,16,0.17272727272727273,0.6573609412729696
636,fr,"offers much to enjoy ... and a lot to mull over in terms of love , loyalty and the nature of staying friends .","offers a lot to enjoy ... and a lot to mull on in terms of love, loyalty and nature to remain friends.",POSITIVE,0.9996907711029052,True,0.8095238095238095,0.6,0.6348039215686275,17,0.6,0.6882352941176471,16,0.19090909090909092,0.6049308320144984
277,de,"it just may inspire a few younger moviegoers to read stevenson 's book , which is a treasure in and of itself .","It can only inspire a few younger moviegoers to read Stevenson's book, which is a treasure in itself.",POSITIVE,0.99982750415802,True,0.84,0.6,0.7168831168831169,21,0.4,0.4807017543859649,19,0.15315315315315314,0.5293804544441616
277,fr,"it just may inspire a few younger moviegoers to read stevenson 's book , which is a treasure in and of itself .","He can only inspire a few young moviegoers to read Stevenson's book, which is a treasure in itself.",POSITIVE,0.99982750415802,True,0.76,0.6,0.7350877192982455,19,0.4,0.5710784313725491,17,0.1891891891891892,0.3842731724777103
554,de,it treats women like idiots .,It treats women like idiots.,NEGATIVE,0.9989352822303772,True,1.0,1.0,1.0,6,1.0,1.0,6,0.034482758620689655,0.7598356856515927
554,fr,it treats women like idiots .,It treats women like idiots.,NEGATIVE,0.9989352822303772,True,1.0,1.0,1.0,6,1.0,1.0,6,0.034482758620689655,0.7598356856515927
461,de,it 's too bad that the helping hand he uses to stir his ingredients is also a heavy one .,It is too bad that the helping hand he uses to stir his ingredients is also a heavy one.,NEGATIVE,0.9998050332069396,True,0.9047619047619048,0.8,0.8421052631578947,19,0.8,0.8666666666666666,19,0.02247191011235955,0.8914703664390796
461,fr,it 's too bad that the helping hand he uses to stir his ingredients is also a heavy one .,It's a shame that the hand of help he uses to stir his ingredients is so heavy.,NEGATIVE,0.9998050332069396,True,0.7619047619047619,0.4,0.7823529411764706,16,0.2,0.3558823529411765,16,0.29213483146067415,0.3550420050517619
10,de,the mesmerizing performances of the leads keep the film grounded and keep the audience riveted .,The hypnotizing performances of the leads keep the film grounded and captivate the audience.,POSITIVE,0.9998838901519777,True,0.5882352941176471,0.2,0.7696969696969697,10,0.4,0.4181818181818181,10,0.25,0.5706624843470488
10,fr,the mesmerizing performances of the leads keep the film grounded and keep the audience riveted .,the bewitching performances of the leads keep the film on the ground and keep the public riveted.,POSITIVE,0.9998838901519777,True,0.6470588235294118,0.4,0.7363636363636363,11,0.6,1.0,9,0.23711340206185566,0.4421973227177668
443,de,"good car chases , great fight scenes , and a distinctive blend of european , american and asian influences .","good car hunting, great fighting scenes, and a distinctive mix of European, American and Asian influences.",POSITIVE,0.9998610019683838,True,0.8235294117647058,0.6,0.912087912087912,14,0.8,0.8109890109890111,14,0.16666666666666666,0.2666662635439776
443,fr,"good car chases , great fight scenes , and a distinctive blend of european , american and asian influences .","good car hunts, great combat scenes, and a distinctive mix of European, American and Asian influences.",POSITIVE,0.9998610019683838,True,0.8235294117647058,0.8,0.9076923076923076,14,0.8,0.934065934065934,14,0.16666666666666666,0.2666662635439776
525,de,rare birds has more than enough charm to make it memorable .,Rare birds have more than enough charm to make it unforgettable.,POSITIVE,0.999795377254486,True,0.8333333333333334,0.4,0.9030303030303028,10,0.4,0.6,10,0.15625,0.5491004867761125
525,fr,rare birds has more than enough charm to make it memorable .,Rare birds have more than enough charm to make it memorable.,POSITIVE,0.999795377254486,True,0.9166666666666666,1.0,0.9454545454545454,11,1.0,1.0,11,0.05,0.7292571723872932
13,de,"we root for ( clara and paul ) , even like them , though perhaps it 's an emotion closer to pity .","We are rooted for (Clara and Paul), even as they do, although perhaps it is an emotion closer to compassion.",POSITIVE,0.9570926427841188,True,0.6956521739130435,0.0,0.8058823529411765,16,0.2,0.7941176470588236,16,0.25925925925925924,0.17640520319198946
13,fr,"we root for ( clara and paul ) , even like them , though perhaps it 's an emotion closer to pity .","we root for (Clara and Paul ) , even like them , although perhaps it is an emotion closer to pity .",POSITIVE,0.9570926427841188,True,0.8695652173913043,0.8,0.9774436090225564,20,0.6,0.9744360902255638,20,0.04040404040404041,0.544057707693459
374,de,"the movie is what happens when you blow up small potatoes to 10 times their natural size , and it ai n't pretty .","The movie is what happens when you blow up small potatoes 10 times their natural size, and it's not nice.",NEGATIVE,0.999755561351776,True,0.8076923076923077,0.0,0.8467532467532467,21,0.4,0.7363636363636364,21,0.13274336283185842,0.6252982897216868
374,fr,"the movie is what happens when you blow up small potatoes to 10 times their natural size , and it ai n't pretty .","The film is what happens when you blow up small potatoes at 10 times their natural size, and it's not pretty.",NEGATIVE,0.999755561351776,True,0.8076923076923077,0.2,0.7831168831168831,21,0.6,0.7714285714285715,21,0.11504424778761062,0.5982792381658881
365,fr,"portentous and pretentious , the weight of water is appropriately titled , given the heavy-handedness of it drama .","weary and pretentious , the weight of the water is properly titled , given the heaviness of its drama .",NEGATIVE,0.9917422533035278,True,0.6521739130434783,0.4,0.657142857142857,15,0.0,0.4335664335664336,12,0.25217391304347825,0.419468515826214
241,de,it appears that something has been lost in the translation to the screen .,it seems that something has been lost in the translation to the screen.,NEGATIVE,0.9997418522834778,True,0.9230769230769232,0.8,0.9930069930069932,12,0.8,0.965034965034965,12,0.08108108108108109,0.855526185871245
241,fr,it appears that something has been lost in the translation to the screen .,it appears that something has been lost in the translation on screen.,NEGATIVE,0.9997418522834778,True,0.9230769230769232,0.6,0.6083916083916086,12,1.0,0.965034965034965,12,0.08108108108108109,0.7324967962619762
403,de,as vulgar as it is banal .,as vulgar as banal.,NEGATIVE,0.9997628331184388,True,0.7142857142857143,0.8,0.7,5,0.8,0.7999999999999999,4,0.2692307692307692,0.3351600230178196
403,fr,as vulgar as it is banal .,As vulgar as it is ordinary.,NEGATIVE,0.9997628331184388,True,0.7142857142857143,0.4,0.8999999999999998,5,0.8,1.0,5,0.21428571428571427,0.43472087194499137
193,de,"morton uses her face and her body language to bring us morvern 's soul , even though the character is almost completely deadpan .","morton uses her face and body language to bring us morvern's soul, although the character is almost completely dead.",POSITIVE,0.993157684803009,True,0.8846153846153846,0.6,0.8458498023715416,23,0.2,0.512987012987013,21,0.11627906976744186,0.4721081376428411
193,fr,"morton uses her face and her body language to bring us morvern 's soul , even though the character is almost completely deadpan .","Morton uses his face and body language to bring us the morvern soul, even if the character is almost completely empty.",POSITIVE,0.993157684803009,True,0.7692307692307693,0.6,0.544360902255639,20,0.4,0.3350877192982456,19,0.20155038759689922,0.38478974113681047
386,de,it 's a remarkably solid and subtly satirical tour de force .,It is a remarkably solid and subtly satirical Tour de Force.,POSITIVE,0.9998778104782104,True,0.8461538461538461,0.8,0.9090909090909092,11,0.8,0.9727272727272728,11,0.03278688524590164,0.44833867003844596
386,fr,it 's a remarkably solid and subtly satirical tour de force .,It is a remarkably solid and subtly satirical tower of strength.,POSITIVE,0.9998778104782104,True,0.6153846153846154,0.6,0.9047619047619048,8,0.8,0.9761904761904764,8,0.1875,0.43361890903486766
709,de,i thought my own watch had stopped keeping time as i slogged my way through clockstoppers .,I thought my own watch had stopped holding time when I clogged my way through the clock stoppers.,NEGATIVE,0.9997586607933044,True,0.7368421052631579,0.4,0.7846153846153847,14,0.4,0.8727272727272729,11,0.15463917525773196,0.33380800216772977
709,fr,i thought my own watch had stopped keeping time as i slogged my way through clockstoppers .,I thought my own watch had stopped keeping time as I slipped my way through the clocks stopped.,NEGATIVE,0.9997586607933044,True,0.7368421052631579,0.6,0.9252747252747252,14,0.4,0.8681318681318682,13,0.12631578947368421,0.5089175114935748
783,de,the movie does a good job of laying out some of the major issues that we encounter as we journey through life .,The film does a good job to address some of the most important topics we encounter as we travel through life.,POSITIVE,0.9996684789657592,True,0.65,0.4,0.478021978021978,13,0.4,0.4065934065934065,13,0.36036036036036034,0.2988685861808017
783,fr,the movie does a good job of laying out some of the major issues that we encounter as we journey through life .,The film does a good job of exposing some of the major problems we encounter as we travel through life.,POSITIVE,0.9996684789657592,True,0.7,0.4,0.665934065934066,14,0.6,0.9736263736263736,14,0.2882882882882883,0.41345911758168596
454,de,"even on those rare occasions when the narrator stops yammering , miller 's hand often feels unsure .","Even on these rare occasions, when the narrator stops whining, Müller's hand often feels insecure.",NEGATIVE,0.9841540455818176,True,0.7142857142857143,0.4,0.6607142857142856,15,0.4,0.782142857142857,15,0.15,0.23287896954139942
454,fr,"even on those rare occasions when the narrator stops yammering , miller 's hand often feels unsure .","even in these rare occasions when the narrator stops yaming, the miller's hand often feels uncertain.",NEGATIVE,0.9841540455818176,True,0.7619047619047619,0.4,0.6823529411764706,16,0.4,0.7749999999999999,15,0.15841584158415842,0.36191740494054175
711,de,overall the film feels like a low-budget tv pilot that could not find a buyer to play it on the tube .,"Overall, the movie feels like a low-budget TV pilot who couldn't find a buyer to play it on the tube.",NEGATIVE,0.9998146891593932,True,0.8181818181818182,0.6,0.6429308565531475,18,1.0,0.9009287925696594,18,0.11764705882352941,0.5438653754915956
711,fr,overall the film feels like a low-budget tv pilot that could not find a buyer to play it on the tube .,Overall the film feels like a low-budget TV driver who couldn't find a buyer to play it on the tube.,NEGATIVE,0.9998146891593932,True,0.8181818181818182,0.6,0.7647058823529412,18,1.0,0.977296181630547,18,0.10784313725490197,0.6271302899050549
799,de,"a tender , witty , captivating film about friendship , love , memory , trust and loyalty .","a tender , funny , captivating movie about friendship , love , memory , trust and loyalty .",POSITIVE,0.9998834133148192,True,0.8666666666666667,0.8,0.9945054945054944,13,0.8,1.0,12,0.0989010989010989,0.6899302125555486
799,fr,"a tender , witty , captivating film about friendship , love , memory , trust and loyalty .","a tender, spirited film about friendship, love, memory, trust and loyalty.",POSITIVE,0.9998834133148192,True,0.8,0.6,0.8671328671328673,12,0.6,0.9930069930069932,12,0.23333333333333334,0.719548353625319
34,de,"it does n't believe in itself , it has no sense of humor ... it 's just plain bored .","It doesn't believe in itself, it doesn't have a sense of humor... it's just bored.",NEGATIVE,0.9998156428337096,True,0.7368421052631579,0.4,0.912087912087912,14,0.4,0.5868131868131868,14,0.27058823529411763,0.40996172895880384
34,fr,"it does n't believe in itself , it has no sense of humor ... it 's just plain bored .","He doesn't believe in himself, he doesn't have a sense of humor... it's just getting bored.",NEGATIVE,0.9998156428337096,True,0.6842105263157895,0.4,0.8791208791208791,13,0.4,0.6428571428571429,13,0.2857142857142857,0.2759723643220411
306,de,the story and structure are well-honed .,The history and structure are well appreciated.,POSITIVE,0.9998040795326232,True,0.6,0.4,0.6,6,0.6,0.8285714285714287,6,0.2765957446808511,0.2208959113415788
306,fr,the story and structure are well-honed .,history and structure are honest.,POSITIVE,0.9998040795326232,True,0.4,0.2,0.1999999999999999,4,0.4,0.7999999999999999,4,0.25,0.2748254571080018
311,de,"a warm , funny , engaging film .","a warm, funny, captivating movie.",POSITIVE,0.9998806715011596,True,0.7142857142857143,0.6,0.8999999999999998,5,0.6,1.0,5,0.42424242424242425,0.5410822690539397
311,fr,"a warm , funny , engaging film .","A hot, funny, engaging movie.",POSITIVE,0.9998806715011596,True,0.7142857142857143,0.8,0.8999999999999998,5,0.6,0.0,5,0.34375,0.3655552228545123
430,de,"a breezy romantic comedy that has the punch of a good sitcom , while offering exceptionally well-detailed characters .",an airy romantic comedy that has the blow of a good sitcom while offering exceptionally detailed characters.,POSITIVE,0.9998704195022584,True,0.7142857142857143,0.8,0.8178571428571428,15,0.6,0.8714285714285712,15,0.16101694915254236,0.40713599196682637
430,fr,"a breezy romantic comedy that has the punch of a good sitcom , while offering exceptionally well-detailed characters .","a romantic comedy breezy that has the punch of a good sitcom, while offering exceptionally well-detailed characters.",POSITIVE,0.9998704195022584,True,1.0,0.8,0.9935064935064932,21,0.8,0.97593984962406,20,0.13559322033898305,0.8314643097834776
425,de,"while the ideas about techno-saturation are far from novel , they 're presented with a wry dark humor .","while the ideas about techno saturation are far from novel, they are humorous with a wry dark.",POSITIVE,0.9995916485786438,True,0.782608695652174,0.4,0.933952528379773,18,0.2,0.6495098039215687,17,0.18446601941747573,0.5161040075276384
425,fr,"while the ideas about techno-saturation are far from novel , they 're presented with a wry dark humor .","While ideas about techno-saturation are far from being romantic, they are presented with an angry dark humour.",POSITIVE,0.9995916485786438,True,0.6956521739130435,0.2,0.6852941176470588,16,0.2,0.6071428571428571,15,0.20909090909090908,0.3226386416030253
329,de,"utterly lacking in charm , wit and invention , roberto benigni 's pinocchio is an astonishingly bad film .","completely lacking charm, wit and invention, roberto benigni's pinocchio is an amazingly bad movie.",NEGATIVE,0.999790370464325,True,0.782608695652174,0.8,0.954592363261094,18,0.4,0.8821428571428571,15,0.2358490566037736,0.4064626339162434
329,fr,"utterly lacking in charm , wit and invention , roberto benigni 's pinocchio is an astonishingly bad film .","completely lacking in charm, spirit and invention, Roberto benigni 's pinocchio is a surprisingly bad film.",NEGATIVE,0.999790370464325,True,0.782608695652174,0.6,0.7936016511867906,18,0.6,0.9928571428571428,15,0.19626168224299065,0.3665882729601238
824,de,late marriage 's stiffness is unlikely to demonstrate the emotional clout to sweep u.s. viewers off their feet .,"late marriage stiffness is unlikely to show the emotional impact, to sweep viewers from their feet, etc.",NEGATIVE,0.9953138828277588,True,0.6666666666666666,0.6,0.8241758241758241,14,0.6,0.7692307692307693,13,0.2857142857142857,0.18334045882504588
824,fr,late marriage 's stiffness is unlikely to demonstrate the emotional clout to sweep u.s. viewers off their feet .,The rigidity of late marriage is unlikely to demonstrate the emotional influence of sweeping spectators from their feet.,NEGATIVE,0.9953138828277588,True,0.5238095238095238,0.4,0.7454545454545456,11,0.6,0.8272727272727273,11,0.425,0.2947283531104962
835,de,a giggle-inducing comedy with snappy dialogue and winning performances by an unlikely team of oscar-winners : susan sarandon and goldie hawn .,a giggling-inducing comedy with snappy dialogue and win performances from an unlikely team of Oscar winners: susan sarandon and goldie hawn.,POSITIVE,0.9998784065246582,True,0.8928571428571429,0.6,0.8846153846153847,25,0.8,0.9532467532467532,21,0.09859154929577464,0.5269003930556609
835,fr,a giggle-inducing comedy with snappy dialogue and winning performances by an unlikely team of oscar-winners : susan sarandon and goldie hawn .,a funny-inducing comedy with an unbridled dialogue and winning performances of a team of less likely oscar-winners: susan sarandon and goldie hawn .,POSITIVE,0.9998784065246582,True,0.8214285714285714,0.2,0.6182357490442257,23,0.8,0.8661654135338346,20,0.25675675675675674,0.44903323241491244
398,de,"despite its title , punch-drunk love is never heavy-handed .","Despite his title, punch-throat love is never heavy-handed.",POSITIVE,0.9991305470466614,True,0.8461538461538461,0.8,0.9818181818181818,11,1.0,0.9545454545454546,11,0.15,0.45180100180492244
398,fr,"despite its title , punch-drunk love is never heavy-handed .","Despite its title, punch-dunk love is never dropped.",POSITIVE,0.9991305470466614,True,0.7692307692307693,0.6,0.6969696969696969,10,0.4,0.6848484848484848,10,0.21666666666666667,0.2730120862709067
629,de,"excessive , profane , packed with cartoonish violence and comic-strip characters .","excessive, profane, packed with caricature violence and comic strip characters.",NEGATIVE,0.9985842704772948,True,0.8,1.0,0.9440559440559444,12,0.6,0.9272727272727276,11,0.13414634146341464,0.47037095938668977
629,fr,"excessive , profane , packed with cartoonish violence and comic-strip characters .","excessive, profane, full of caricature violence and cartoon characters.",NEGATIVE,0.9985842704772948,True,0.6,0.6,0.8499999999999999,9,0.4,0.7500000000000002,7,0.35365853658536583,0.28646290158800986
227,de,"as the two leads , lathan and diggs are charming and have chemistry both as friends and lovers .","Like the two leads, Lathan and Diggs are charming and have chemistry both as friends and lovers.",POSITIVE,0.9998724460601808,True,1.0,0.8,0.9380804953560372,18,0.8,0.8911764705882352,16,0.0625,0.6859238121837059
227,fr,"as the two leads , lathan and diggs are charming and have chemistry both as friends and lovers .","like both tracks, lathan and diggs are charming and have chemistry both as friends and lovers.",POSITIVE,0.9998724460601808,True,0.8333333333333334,0.8,0.9464285714285712,15,0.8,0.8516483516483516,13,0.15625,0.7730815967809737
42,de,the subtle strength of `` elling '' is that it never loses touch with the reality of the grim situation .,the subtle strength of ``elling '' is that it never loses contact with the reality of the gloomy situation.,POSITIVE,0.9997768998146056,True,0.8947368421052632,0.6,0.8725490196078433,17,0.6,0.9970588235294118,16,0.102803738317757,0.7552498655792423
42,fr,the subtle strength of `` elling '' is that it never loses touch with the reality of the grim situation .,The subtle force of eling is that it never loses contact with the reality of the sinister situation.,POSITIVE,0.9997768998146056,True,0.631578947368421,0.4,0.4965034965034965,12,0.4,0.8391608391608393,12,0.2571428571428571,0.362596728385366
185,de,"a must-see for the david mamet enthusiast and for anyone who appreciates intelligent , stylish moviemaking .","a must for the David Mamet enthusiast and for anyone who appreciates intelligent, stylish filmmaking.",POSITIVE,0.9998592138290404,True,0.8260869565217391,1.0,0.9736842105263156,19,0.6,0.9107142857142856,15,0.10185185185185185,0.5415789031416761
185,fr,"a must-see for the david mamet enthusiast and for anyone who appreciates intelligent , stylish moviemaking .","a must-see for the enthusiast of david mamet and for anyone who likes intelligent, stylish cinemaking.",POSITIVE,0.9998592138290404,True,0.8260869565217391,0.4,0.719298245614035,19,0.6,0.8852941176470588,16,0.3148148148148148,0.3682139814519001
173,de,"determined to be fun , and bouncy , with energetic musicals , the humor did n't quite engage this adult .","determined to be fun, and bouncing, with energetic musicals, the humor not entirely engage this adult.",NEGATIVE,0.9996882677078248,True,0.6521739130434783,0.2,0.557142857142857,15,0.0,0.8607142857142854,15,0.1619047619047619,0.6196892002000342
173,fr,"determined to be fun , and bouncy , with energetic musicals , the humor did n't quite engage this adult .","determined to be fun, and generosity, with energetic musicals, humor has not quite engaged this adult.",NEGATIVE,0.9996882677078248,True,0.6086956521739131,0.2,0.7054945054945055,14,0.2,0.9208791208791208,14,0.2,0.47184807208835605
299,de,"the sort of film that makes me miss hitchcock , but also feel optimistic that there 's hope for popular cinema yet .","the kind of movie that miss me trotchcock, but also optimistic that it's hope for popular cinema yet.",POSITIVE,0.9953573346138,True,0.7391304347826086,0.8,0.8259803921568629,17,0.8,0.8210784313725491,17,0.27586206896551724,0.3085353139256224
299,fr,"the sort of film that makes me miss hitchcock , but also feel optimistic that there 's hope for popular cinema yet .","the kind of movie that makes me miss hitchcock, but also feel optimistic that there's 'there's hope for popular cinema still.",POSITIVE,0.9953573346138,True,0.8695652173913043,1.0,0.9609022556390976,20,0.6,0.9458646616541352,20,0.184,0.5745962815851245
634,de,"harris commands the screen , using his frailty to suggest the ravages of a life of corruption and ruthlessness .","Harris commands the screen, with his weakness, to suggest the devastation of a life of corruption and recklessness.",POSITIVE,0.9995723366737366,True,0.6818181818181818,0.2,0.7535714285714286,15,0.8,0.9516483516483516,14,0.22608695652173913,0.41351710002633796
634,fr,"harris commands the screen , using his frailty to suggest the ravages of a life of corruption and ruthlessness .","Harris commands the screen, using its fragility to suggest the ravages of a life of corruption and ruthlessness.",POSITIVE,0.9995723366737366,True,0.8636363636363636,1.0,0.9,19,0.8,0.9470588235294116,16,0.05357142857142857,0.7483293841345241
600,de,"professionally speaking , it 's tempting to jump ship in january to avoid ridiculous schlock like this shoddy suspense thriller .","Professionally speaking, it is tempting to jump ship in January to avoid ridiculous lock like this pushy thriller.",NEGATIVE,0.9988396763801576,True,0.6666666666666666,0.4,0.7647058823529411,16,0.2,0.8205882352941177,16,0.14728682170542637,0.3205766120928052
600,fr,"professionally speaking , it 's tempting to jump ship in january to avoid ridiculous schlock like this shoddy suspense thriller .","professionally speaking, it's tempting to jump the boat in January to avoid ridiculous schlock like this thriller suspense shoddy.",NEGATIVE,0.9988396763801576,True,0.9583333333333334,1.0,0.9278656126482212,23,0.4,0.819548872180451,20,0.18461538461538463,0.3721106799318147
670,de,verbinski implements every hack-artist trick to give us the ooky-spookies .,Verbinski implements every hack-artist trick to give us the oky-spookies.,NEGATIVE,0.932052731513977,True,0.9473684210526316,0.8,0.6904024767801857,18,0.8,0.9395604395604396,13,0.02666666666666667,0.6989307622784945
670,fr,verbinski implements every hack-artist trick to give us the ooky-spookies .,Verbinski implements all hack-artist stuff to give us the aoky-spookies.,NEGATIVE,0.932052731513977,True,0.7368421052631579,0.4,0.4241758241758242,14,0.8,0.9090909090909092,11,0.16,0.26985534666825095
867,de,has all the depth of a wading pool .,has all the depth of a wading basin.,NEGATIVE,0.981376588344574,True,0.9,0.8,0.9166666666666666,9,0.8,0.5714285714285715,8,0.1388888888888889,0.7506238537503396
867,fr,has all the depth of a wading pool .,has all the depth of a groove pool.,NEGATIVE,0.981376588344574,True,0.8,0.6,0.3333333333333334,8,0.6,0.7619047619047621,8,0.19444444444444445,0.6606328636027612
56,de,... a hollow joke told by a cinematic gymnast having too much fun embellishing the misanthropic tale to actually engage it .,... a hollow joke tells of a cinematic gymnast with too much fun embellishment of the misanthropic story to actually engage it.,NEGATIVE,0.9996685981750488,True,0.8076923076923077,0.8,0.8999350227420402,21,0.6,0.964285714285714,15,0.16535433070866143,0.44560298948747495
56,fr,... a hollow joke told by a cinematic gymnast having too much fun embellishing the misanthropic tale to actually engage it .,... a hollow joke told by a film gymnast with too much fun beautifying the misanthropic tale to actually engage him.,NEGATIVE,0.9996685981750488,True,0.7692307692307693,1.0,0.9078601619836744,20,0.6,0.9529411764705882,16,0.1774193548387097,0.5970228993860436
320,de,a deep and meaningful film .,a deep and meaningful film.,POSITIVE,0.9998797178268432,True,1.0,1.0,1.0,6,1.0,1.0,6,0.03571428571428571,1.0000000000000004
320,fr,a deep and meaningful film .,a deep and meaningful film.,POSITIVE,0.9998797178268432,True,1.0,1.0,1.0,6,1.0,1.0,6,0.03571428571428571,1.0000000000000004
188,de,"a misogynistic piece of filth that attempts to pass itself off as hip , young adult entertainment .","a misogynistic piece of dirt that tries to throw up as a hip, young adult entertainment.",NEGATIVE,0.9977509379386902,True,0.7272727272727273,0.6,0.9323529411764706,16,0.4,0.6703296703296703,13,0.26262626262626265,0.4293663233009673
188,fr,"a misogynistic piece of filth that attempts to pass itself off as hip , young adult entertainment .","a misogynous piece of dirt that tries to pass like hip, young adult entertainment.",NEGATIVE,0.9977509379386902,True,0.6363636363636364,0.4,0.7890109890109891,14,0.4,0.5874125874125874,12,0.2828282828282828,0.34395978227083424
137,de,"forced , familiar and thoroughly condescending .","forced, familiar and thoroughly condescending.",NEGATIVE,0.999755561351776,True,1.0,1.0,1.0,9,1.0,1.0,7,0.041666666666666664,1.0000000000000004
137,fr,"forced , familiar and thoroughly condescending .","forced, familiar and completely condescending.",NEGATIVE,0.999755561351776,True,0.8888888888888888,0.8,1.0,8,0.8,0.8857142857142858,6,0.20833333333333334,0.4889230224349009
506,de,"crackerjack entertainment -- nonstop romance , music , suspense and action .","crackerjack Entertainment -- Nonstop Romantik, Musik, Spannung und Action.",POSITIVE,0.9996861219406128,True,0.6923076923076923,0.4,0.6833333333333333,9,0.4,0.4285714285714286,7,0.18421052631578946,0.05063996506781409
506,fr,"crackerjack entertainment -- nonstop romance , music , suspense and action .","crackerjack entertainment -- non-stop romance, music, suspense and action.",POSITIVE,0.9996861219406128,True,0.9230769230769232,0.4,0.7902097902097903,12,0.4,0.6121212121212121,10,0.05263157894736842,0.7348889200874659
221,de,my reaction in a word : disappointment .,my reaction in one word: disappointment.,NEGATIVE,0.9997815489768982,True,0.875,0.6,0.7500000000000002,7,1.0,0.9642857142857144,7,0.125,0.5000000000000001
221,fr,my reaction in a word : disappointment .,my reaction in a word: disappointment.,NEGATIVE,0.9997815489768982,True,1.0,1.0,1.0,8,1.0,1.0,8,0.05,1.0000000000000004
192,fr,"a celebration of quirkiness , eccentricity , and certain individuals ' tendency to let it all hang out , and damn the consequences .","a celebration of the eccentricity, eccentricity and tendency of some individuals to let everything drag, and damn the consequences.",POSITIVE,0.9809228777885436,True,0.625,0.8,0.5249999999999999,15,0.5,0.5032967032967033,14,0.4166666666666667,0.3122231499029319
457,de,it inspires a continuing and deeply satisfying awareness of the best movies as monumental ` picture shows . ',"it inspires a sustained and deeply satisfying awareness of the best films as monumental `picture shows. """,POSITIVE,0.9998775720596312,True,0.85,0.6,0.8848039215686275,17,1.0,0.976470588235294,16,0.14678899082568808,0.6289868866690353
457,fr,it inspires a continuing and deeply satisfying awareness of the best movies as monumental ` picture shows . ',"It inspires a continuous and deeply satisfying awareness of the best films as monumental "" image shows "" .",POSITIVE,0.9998775720596312,True,0.75,0.6,0.7999999999999999,15,1.0,0.9956043956043956,14,0.14678899082568808,0.3866936862858226
713,de,corpus collosum -- while undeniably interesting -- wore out its welcome well before the end credits rolled about 45 minutes in .,corpus collosum -- while indisputably interesting -- worsened his reception long before the end credits rolled in about 45 minutes.,NEGATIVE,0.9991082549095154,True,0.68,0.2,0.9044117647058824,17,0.4,0.7178571428571427,15,0.24427480916030533,0.35879681831059484
713,fr,corpus collosum -- while undeniably interesting -- wore out its welcome well before the end credits rolled about 45 minutes in .,corpus collosum -- although undeniably interesting -- exhausted its welcome long before the end credits rolled around about 45 minutes in .,NEGATIVE,0.9991082549095154,True,0.84,0.4,0.8636363636363636,21,0.2,0.8676470588235294,17,0.19424460431654678,0.4544489097785626
474,de,the problem with this film is that it lacks focus .,The problem with this movie is that it lacks focus.,NEGATIVE,0.9997698664665222,True,0.9090909090909092,0.8,0.9393939393939392,10,1.0,0.9757575757575756,10,0.11764705882352941,0.5877283725105319
474,fr,the problem with this film is that it lacks focus .,The problem with this film is that it lacks focus.,NEGATIVE,0.9997698664665222,True,1.0,1.0,1.0,11,1.0,1.0,11,0.0196078431372549,0.8931539818068699
661,de,"it 's another video movie photographed like a film , with the bad lighting that 's often written off as indie film naturalism .","It is another video film that is photographed like a movie, with the poor lighting that is often copied as indie film naturalism.",NEGATIVE,0.9993075132369996,True,0.7916666666666666,0.4,0.6333333333333333,19,0.2,0.4530443756449948,18,0.24806201550387597,0.2774870273560583
661,fr,"it 's another video movie photographed like a film , with the bad lighting that 's often written off as indie film naturalism .","It's another video film photographed as a film, with bad lighting that is often erased like an independent movie naturalism.",NEGATIVE,0.9993075132369996,True,0.8333333333333334,0.8,0.8917293233082706,20,0.6,0.8350877192982457,19,0.30708661417322836,0.19390068549952846
5,de,"although laced with humor and a few fanciful touches , the film is a refreshingly serious look at young women .","Although the film has humor and a few imaginative touches, it is a refreshingly serious look at young women.",POSITIVE,0.9998290538787842,True,0.8181818181818182,0.2,0.8245614035087718,18,0.8,0.8921568627450982,17,0.25225225225225223,0.5579745063955603
5,fr,"although laced with humor and a few fanciful touches , the film is a refreshingly serious look at young women .","Although laced with humor and some fanciful touches, the film is a refreshing and serious look on young women.",POSITIVE,0.9998290538787842,True,0.8636363636363636,0.6,0.9,19,0.6,0.6568627450980393,17,0.10810810810810811,0.480863104434549
803,de,bogdanovich tantalizes by offering a peep show into the lives of the era 's creme de la celluloid .,bogdanovich tantalizes by making a peep show in the life of the era cream de la celluloid.,POSITIVE,0.9970809817314148,True,0.7407407407407407,0.6,0.5849624060150376,20,0.8,0.8241758241758241,13,0.15151515151515152,0.28788862078485467
803,fr,bogdanovich tantalizes by offering a peep show into the lives of the era 's creme de la celluloid .,bogdanovich tantalizes by offering a show of depth in the life of the celluloid creme of the time.,POSITIVE,0.9970809817314148,True,0.6666666666666666,0.4,0.8596491228070176,18,0.2,-0.0636363636363636,11,0.37373737373737376,0.24941747177008255
607,de,ahhhh ... revenge is sweet !,Ahhhh... revenge is sweet!,POSITIVE,0.997997224330902,True,1.0,1.0,1.0,8,1.0,1.0,6,0.07142857142857142,0.8408964152537145
607,fr,ahhhh ... revenge is sweet !,Ahhhh... revenge is sweet!,POSITIVE,0.997997224330902,True,1.0,1.0,1.0,8,1.0,1.0,6,0.07142857142857142,0.8408964152537145
119,de,comes ... uncomfortably close to coasting in the treads of the bicycle thief .,comes ... uncomfortable near the coast in the treads of the bicycle thief.,NEGATIVE,0.9914349913597108,True,0.7142857142857143,0.4,0.8424242424242423,10,0.4,0.7619047619047621,8,0.15384615384615385,0.602608097855714
304,de,"a densely constructed , highly referential film , and an audacious return to form that can comfortably sit among jean-luc godard 's finest work .","a densely constructed, highly referential film, and a bold return to form that can comfortably sit under jean-luc Godard's finest work.",POSITIVE,0.9996515512466432,True,0.8387096774193549,0.6,0.8905982905982905,26,0.6,0.8808695652173912,24,0.12413793103448276,0.6095824652091825
304,fr,"a densely constructed , highly referential film , and an audacious return to form that can comfortably sit among jean-luc godard 's finest work .","a densely constructed film, very referent, and a bold return to shape that can comfortably sit among the best work of god jeans-luc.",POSITIVE,0.9996515512466432,True,0.6129032258064516,0.2,0.6105263157894737,19,0.2,0.732843137254902,17,0.4068965517241379,0.23804003814061672
84,de,"the band 's courage in the face of official repression is inspiring , especially for aging hippies ( this one included ) .","the band's courage in the face of official repression is inspiring, especially for aging hippies (included).",POSITIVE,0.9997909665107728,True,0.9166666666666666,0.8,0.9062676453980804,22,1.0,0.9857142857142858,21,0.11475409836065574,0.7006889816771004
84,fr,"the band 's courage in the face of official repression is inspiring , especially for aging hippies ( this one included ) .","the courage of the group in the face of official repression is inspiring, especially for aging hippies (this one included).",POSITIVE,0.9997909665107728,True,0.875,1.0,0.8753246753246753,21,0.8,0.9097744360902256,20,0.16260162601626016,0.7968377722836952
106,de,the movie 's relatively simple plot and uncomplicated morality play well with the affable cast .,the film's relatively simple plot and uncomplicated moral play well with the affable cast.,POSITIVE,0.999509572982788,True,0.9047619047619048,0.8,0.9070175438596492,19,1.0,0.9604395604395608,14,0.09375,0.6180266584418237
106,fr,the movie 's relatively simple plot and uncomplicated morality play well with the affable cast .,the relatively simple plot of the film and the uncomplicated morality play well with the affable casting.,POSITIVE,0.999509572982788,True,0.8095238095238095,0.6,0.6911764705882353,17,0.6,0.7902097902097903,12,0.26666666666666666,0.4293663233009673
16,de,the emotions are raw and will strike a nerve with anyone who 's ever had family trauma .,The emotions are raw and beat a nerve with anyone who has ever had family trauma.,POSITIVE,0.9994854927062988,True,0.7894736842105263,0.4,0.682142857142857,15,0.6,0.8428571428571429,15,0.14772727272727273,0.5403204364769616
16,fr,the emotions are raw and will strike a nerve with anyone who 's ever had family trauma .,The emotions are raw and will hit a nerve with anyone who has ever had a family trauma.,POSITIVE,0.9994854927062988,True,0.8421052631578947,0.6,0.8852941176470588,16,1.0,0.8647058823529412,16,0.11363636363636363,0.47207580389427095
507,de,the minor figures surrounding ( bobby ) ... form a gritty urban mosaic .,The small figures that are around (Bobby) ... form a gritty urban mosaic.,POSITIVE,0.9996273517608644,True,0.8571428571428571,0.6,0.7622377622377624,12,0.8,0.9363636363636364,11,0.273972602739726,0.5356976960859321
507,fr,the minor figures surrounding ( bobby ) ... form a gritty urban mosaic .,the minor figures surrounding ( bobby ) ... form a gritty urban mosaic.,POSITIVE,0.9996273517608644,True,1.0,1.0,1.0,14,1.0,1.0,13,0.013888888888888888,1.0000000000000004
180,de,"unfortunately , it 's not silly fun unless you enjoy really bad movies .","Unfortunately, it's not stupid fun when you enjoy really bad movies.",NEGATIVE,0.9953953623771667,True,0.8666666666666667,0.6,0.8791208791208791,13,0.6,0.7857142857142857,13,0.18055555555555555,0.389997525287991
180,fr,"unfortunately , it 's not silly fun unless you enjoy really bad movies .","Unfortunately, it's not a stupid pleasure unless you really like bad movies.",NEGATIVE,0.9953953623771667,True,0.8,0.4,0.6083916083916086,12,0.4,0.8881118881118882,12,0.34210526315789475,0.14949751774990683
39,de,"escaping the studio , piccoli is warmly affecting and so is this adroitly minimalist movie .","Escape from the studio, Piccoli is warmly affected and so is this adroitly minimalist movie.",POSITIVE,0.9997716546058656,True,0.9,0.6,0.6800825593395253,18,0.8,0.9285714285714284,13,0.11956521739130435,0.5312583871630396
587,de,director uwe boll and the actors provide scant reason to care in this crude '70s throwback .,Director uwe boll and the actors offer little cause for concern in this rough 70s setback.,NEGATIVE,0.9991353154182434,True,0.5909090909090909,0.0,0.4395604395604395,13,0.0,0.9151515151515152,10,0.34782608695652173,0.25459845316736796
587,fr,director uwe boll and the actors provide scant reason to care in this crude '70s throwback .,director uwe boll and actors provide little reason to take care of this crude of the 1970s.,NEGATIVE,0.9991353154182434,True,0.6818181818181818,0.4,0.5428571428571428,15,0.4,0.5714285714285714,13,0.31521739130434784,0.21468316165048365
354,de,"the film is quiet , threatening and unforgettable .","The film is calm, threatening and unforgettable.",POSITIVE,0.9996365308761596,True,0.9166666666666666,0.8,0.9363636363636364,11,0.8,0.9761904761904764,8,0.13725490196078433,0.5133450480401706
354,fr,"the film is quiet , threatening and unforgettable .","The film is calm, threatening and unforgettable.",POSITIVE,0.9996365308761596,True,0.9166666666666666,0.8,0.9363636363636364,11,0.8,0.9761904761904764,8,0.13725490196078433,0.5133450480401706
442,de,the notion that bombing buildings is the funniest thing in the world goes entirely unexamined in this startlingly unfunny comedy .,The idea that bombing building is the funniest thing in the world goes completely unchecked in this amazingly unfunny comedy.,NEGATIVE,0.9965368509292604,True,0.6923076923076923,0.6,0.7378740970072238,18,0.6,0.8021978021978022,13,0.2,0.4477845944135174
442,fr,the notion that bombing buildings is the funniest thing in the world goes entirely unexamined in this startlingly unfunny comedy .,the idea that bombing buildings is the funniest thing in the world goes completely without being examined in this surprisingly clumsy comedy.,NEGATIVE,0.9965368509292604,True,0.5769230769230769,0.2,0.782142857142857,15,0.0,0.2692307692307692,13,0.2553191489361702,0.5050198859414159
340,de,"the most hopelessly monotonous film of the year , noteworthy only for the gimmick of being filmed as a single unbroken 87-minute take .","the hopelessly monotonous film of the year, remarkable only for the gimmick, to be filmed as the only unbroken 87-minute recording.",NEGATIVE,0.9978379607200624,True,0.7857142857142857,0.4,0.7594579333709771,22,0.8,0.8480392156862745,17,0.2814814814814815,0.43909608979714837
340,fr,"the most hopelessly monotonous film of the year , noteworthy only for the gimmick of being filmed as a single unbroken 87-minute take .","the most desperately monotonous film of the year, remarkable only for the gimmick to be filmed as one without broken 87 minutes take.",NEGATIVE,0.9978379607200624,True,0.6785714285714286,0.2,0.7421052631578948,19,0.4,0.8785714285714284,15,0.2740740740740741,0.33501634097218863
508,de,"a poignant and compelling story about relationships , food of love takes us on a bumpy but satisfying journey of the heart .","a gripping and convincing story about relationships, eating love takes us on a bumpy but satisfying journey of the heart.",POSITIVE,0.9998637437820436,True,0.8260869565217391,0.4,0.9087719298245612,19,0.6,0.9380804953560372,18,0.16129032258064516,0.6632819410262449
508,fr,"a poignant and compelling story about relationships , food of love takes us on a bumpy but satisfying journey of the heart .","a poignant and convincing story about relationships, the food of love takes us on a bumpy but satisfying journey of the heart.",POSITIVE,0.9998637437820436,True,0.9565217391304348,0.6,0.8938452851496332,22,0.8,0.9233082706766916,20,0.07936507936507936,0.7641254083103469
138,de,that is a compliment to kuras and miller .,This is a compliment to Kuras and Müller.,POSITIVE,0.9998264908790588,True,0.8,0.8,0.9285714285714288,8,0.6,0.8928571428571429,7,0.09523809523809523,0.3303164318013807
138,fr,that is a compliment to kuras and miller .,It's a compliment to Kuras and Miller.,POSITIVE,0.9998264908790588,True,0.8,1.0,0.9761904761904764,8,0.6,0.9642857142857144,7,0.14285714285714285,0.20612390921238416
447,de,"generally , clockstoppers will fulfill your wildest fantasies about being a different kind of time traveler , while happily killing 94 minutes .","usually, watchstoppers fulfill your wildest fantasies about another type of time traveler while happily killing 94 minutes.",POSITIVE,0.9974048733711244,True,0.64,0.2,0.447811075519899,16,0.6,0.7928571428571427,15,0.25,0.41812565372813965
85,de,the movie achieves as great an impact by keeping these thoughts hidden as ... ( quills ) did by showing them .,the film achieves such a great influence by keeping these thoughts hidden as ... ( quillen ) they have made through the presentation.,POSITIVE,0.999524474143982,True,0.6666666666666666,0.4,0.8021978021978022,14,0.2,0.4405594405594406,12,0.39097744360902253,0.38099330164345147
85,fr,the movie achieves as great an impact by keeping these thoughts hidden as ... ( quills ) did by showing them .,the film gets an impact as great by keeping these thoughts hidden as ... ( feathers) made by showing them .,POSITIVE,0.999524474143982,True,0.7142857142857143,0.6,0.8428571428571429,15,0.6,0.6392857142857141,15,0.2909090909090909,0.5443982760653497
834,fr,collateral damage finally delivers the goods for schwarzenegger fans .,collateral damage finally delivers the goods for fans of schwarzenegger .,POSITIVE,0.9983727931976318,True,1.0,0.8,0.9090909090909092,12,0.8,0.8545454545454544,10,0.1780821917808219,0.6238986072117496
694,de,no aspirations to social import inform the movie version .,no efforts to social import inform the movie version.,NEGATIVE,0.9989622831344604,True,0.9,0.8,0.95,9,0.8,0.9666666666666668,9,0.15517241379310345,0.7825422900366438
694,fr,no aspirations to social import inform the movie version .,no aspiration for social importation informs the version of the film.,NEGATIVE,0.9989622831344604,True,0.6,0.6,1.0,6,0.2,0.6,5,0.36231884057971014,0.05063996506781409
784,de,very psychoanalytical -- provocatively so -- and also refreshingly literary .,very psychoanalytic -- provocative so -- and also refreshing literary.,POSITIVE,0.9998507499694824,True,0.8571428571428571,0.6,0.9230769230769232,12,0.4,0.7142857142857144,7,0.09090909090909091,0.29982213893423376
784,fr,very psychoanalytical -- provocatively so -- and also refreshingly literary .,very psychoanalytic -- provocatively -- and also refreshing literary.,POSITIVE,0.9998507499694824,True,0.8571428571428571,0.6,0.8881118881118882,12,0.6,0.7142857142857144,7,0.1038961038961039,0.2147795427007173
767,de,a film about a young man finding god that is accessible and touching to the marrow .,"a film about a young man who finds God, who is accessible and touches Mark.",POSITIVE,0.9997643828392028,True,0.625,0.6,0.9030303030303028,10,0.6,0.709090909090909,10,0.2976190476190476,0.3682139814518999
767,fr,a film about a young man finding god that is accessible and touching to the marrow .,a film about a young man finding god who is accessible and touching the marrow.,POSITIVE,0.9997643828392028,True,0.875,1.0,0.934065934065934,14,0.8,0.8681318681318682,14,0.08333333333333333,0.6452121005104219
765,de,not an objectionable or dull film ; it merely lacks everything except good intentions .,not an offensive or dull film; everything is missing except good intentions.,NEGATIVE,0.9987861514091492,True,0.6875,0.2,0.5454545454545455,11,0.4,0.7090909090909092,11,0.3448275862068966,0.3725742310754034
765,fr,not an objectionable or dull film ; it merely lacks everything except good intentions .,not an unpleasant or dull film; it simply lacks anything but good intentions.,NEGATIVE,0.9987861514091492,True,0.6875,0.6,0.5909090909090909,11,0.2,0.6000000000000001,11,0.3103448275862069,0.37030468338190614
414,de,"it has charm to spare , and unlike many romantic comedies , it does not alienate either gender in the audience .","It has charm to spare, and unlike many romantic comedies, it alienates neither sex in the audience.",POSITIVE,0.9998284578323364,True,0.7619047619047619,0.6,0.6235294117647059,16,0.6,0.7678571428571428,15,0.16964285714285715,0.6274102538179022
414,fr,"it has charm to spare , and unlike many romantic comedies , it does not alienate either gender in the audience .","He has the charm to spare, and unlike many romantic comedies, he doesn't alienate the genre in the audience.",POSITIVE,0.9998284578323364,True,0.7619047619047619,0.8,0.9323529411764706,16,0.6,0.7857142857142856,15,0.16071428571428573,0.5438653754915956
126,de,confirms the nagging suspicion that ethan hawke would be even worse behind the camera than he is in front of it .,confirms the nagging suspicion that Ethan Hawke would be even worse behind the camera than he was before.,NEGATIVE,0.9823320508003236,True,0.7727272727272727,0.6,0.7254901960784315,17,0.8,0.7470588235294118,16,0.13274336283185842,0.535635135909547
126,fr,confirms the nagging suspicion that ethan hawke would be even worse behind the camera than he is in front of it .,confirms the annoying suspicion that Ethan Hawke would be even worse behind the camera than he is in front of her.,NEGATIVE,0.9823320508003236,True,0.8636363636363636,0.4,0.6333333333333333,19,0.6,0.7754385964912281,19,0.06140350877192982,0.6303647413359296
132,de,scooby dooby doo / and shaggy too / you both look and sound great .,Scooby dooby doo / and shaggy also / you both look and sound great.,POSITIVE,0.9998564720153807,True,0.9285714285714286,0.6,0.9725274725274724,13,1.0,0.9440559440559444,12,0.05970149253731343,0.7241577342575831
132,fr,scooby dooby doo / and shaggy too / you both look and sound great .,Scooby dooby doo / and shaggy too / you two look and sound great.,POSITIVE,0.9998564720153807,True,0.9285714285714286,1.0,0.989010989010989,13,0.8,0.958041958041958,12,0.07462686567164178,0.7241577342575831
806,de,griffiths proves she 's that rare luminary who continually raises the standard of her profession .,"Greiffiths proves that it is that rare luminosity, which constantly increases the standard of their profession.",POSITIVE,0.9997994303703308,True,0.4736842105263157,0.2,0.75,9,0.0,0.6190476190476191,8,0.26126126126126126,0.12149176141753365
806,fr,griffiths proves she 's that rare luminary who continually raises the standard of her profession .,Griffiths proves that she is this rare luminaire that continually raises the level of her profession.,POSITIVE,0.9997994303703308,True,0.7368421052631579,0.2,0.4901098901098901,14,0.2,0.5244755244755246,12,0.21782178217821782,0.23183229599938115
397,de,"it 's worth seeing just on the basis of the wisdom , and at times , the startling optimism , of the children .","it is worth seeing, only on the basis of wisdom , and sometimes , the frightening optimism , of children .",POSITIVE,0.9998564720153807,True,0.6842105263157895,0.4,0.7747252747252747,13,0.4,0.5439560439560439,13,0.22727272727272727,0.22779255121030242
397,fr,"it 's worth seeing just on the basis of the wisdom , and at times , the startling optimism , of the children .","It is worth seeing just on the basis of wisdom, and sometimes, surprising optimism, of children.",POSITIVE,0.9998564720153807,True,0.7368421052631579,0.6,0.9164835164835166,14,0.4,0.6791208791208792,14,0.23636363636363636,0.37147750726963574
865,de,"mcconaughey 's fun to watch , the dragons are okay , not much fire in the script .","mcconaughey 's fun to see the dragons are fine, not much fire in the script.",POSITIVE,0.7077788710594177,True,0.9,0.4,0.739938080495356,18,0.75,0.5499999999999999,15,0.15853658536585366,0.6055817550955913
865,fr,"mcconaughey 's fun to watch , the dragons are okay , not much fire in the script .","mcconaughey's fun to look at, dragons are okay, not a lot of fire in the script.",POSITIVE,0.7077788710594177,True,0.9,0.6,0.5975232198142414,18,0.5,0.2678571428571428,15,0.24390243902439024,0.41682189465797687
527,de,it has all the excitement of eating oatmeal .,It has all the excitement of eating oatmeal.,NEGATIVE,0.5353542566299438,True,1.0,1.0,1.0,12,1.0,1.0,9,0.022222222222222223,0.8633400213704508
527,fr,it has all the excitement of eating oatmeal .,He has all the excitement of eating oatmeal.,NEGATIVE,0.5353542566299438,True,0.9166666666666666,0.8,0.9454545454545454,11,0.8,0.7619047619047621,8,0.06666666666666667,0.8633400213704508
705,de,"every time you look , sweet home alabama is taking another bummer of a wrong turn .","Every time you look, sweet house alabama takes another moron of a wrong turn.",NEGATIVE,0.9976758360862732,True,0.7222222222222222,0.8,0.956043956043956,13,0.4,0.901098901098901,13,0.1927710843373494,0.450201104503466
705,fr,"every time you look , sweet home alabama is taking another bummer of a wrong turn .","Every time you look, the sweet alabama house takes another blow of a bad turn.",NEGATIVE,0.9976758360862732,True,0.6666666666666666,0.6,0.9790209790209792,12,0.4,0.9370629370629372,12,0.3253012048192771,0.20948412716651138
489,de,"it 's dumb , but more importantly , it 's just not scary .","It's stupid, but more importantly, it's just not scary.",NEGATIVE,0.9995794892311096,True,0.9166666666666666,0.8,0.9363636363636364,11,0.8,0.9727272727272728,11,0.15517241379310345,0.4495431954509448
489,fr,"it 's dumb , but more importantly , it 's just not scary .","It's stupid, but more importantly, it's just not scary.",NEGATIVE,0.9995794892311096,True,0.9166666666666666,0.8,0.9363636363636364,11,0.8,0.9727272727272728,11,0.15517241379310345,0.4495431954509448
700,fr,"is the time really ripe for a warmed-over james bond adventure , with a village idiot as the 007 clone ?","Is the time really ripe for a jam adventure, with a village idiot like clone 007?",NEGATIVE,0.9725010395050048,True,0.7272727272727273,0.6,0.7058823529411764,16,0.6,0.8214285714285712,15,0.3076923076923077,0.4736609082478648
577,de,"though only 60 minutes long , the film is packed with information and impressions .","Although only 60 minutes long, the film is full of information and impressions.",POSITIVE,0.9997939467430116,True,0.8,0.4,0.9230769230769232,12,0.6,0.8531468531468532,12,0.1686746987951807,0.6475445426291287
577,fr,"though only 60 minutes long , the film is packed with information and impressions .","Although lasting only 60 minutes, the film is filled with information and impressions.",POSITIVE,0.9997939467430116,True,0.8,0.8,0.8461538461538463,12,0.6,0.8671328671328673,12,0.2441860465116279,0.4935578819979932
869,de,a subject like this should inspire reaction in its audience ; the pianist does not .,a theme like this should inspire the reaction in his audience; the pianist does not.,NEGATIVE,0.9138750433921814,True,0.875,1.0,0.8989010989010989,14,0.6,0.7978021978021977,14,0.16666666666666666,0.5411927503805859
869,fr,a subject like this should inspire reaction in its audience ; the pianist does not .,a subject like this should inspire reaction in its audience; the pianist does not.,NEGATIVE,0.9138750433921814,True,1.0,1.0,1.0,16,1.0,1.0,16,0.023809523809523808,1.0000000000000004
237,de,a by-the-numbers effort that wo n't do much to enhance the franchise .,a side-the-number effort that doesn't do much to improve the franchise.,NEGATIVE,0.9994681477546692,True,0.7058823529411765,0.4,0.4265734265734266,12,0.6,0.7622377622377624,12,0.2112676056338028,0.2282484365812207
237,fr,a by-the-numbers effort that wo n't do much to enhance the franchise .,an effort by-numbers that don't do much to improve the franchise.,NEGATIVE,0.9994681477546692,True,0.7647058823529411,0.4,0.6208791208791209,13,0.6,0.8021978021978022,13,0.35714285714285715,0.20960043401344508
739,de,"oscar wilde 's masterpiece , the importance of being earnest , may be the best play of the 19th century .","oscar wild 's masterpiece, the meaning of seriousness, can be the best game of the 19th century.",POSITIVE,0.9998188614845276,True,0.6666666666666666,0.8,0.6433566433566434,12,0.8,0.9090909090909092,12,0.2571428571428571,0.36166841970220814
739,fr,"oscar wilde 's masterpiece , the importance of being earnest , may be the best play of the 19th century .","Oscar wilde's masterpiece, the importance of being serious, can be the best game of the 19th century.",POSITIVE,0.9998188614845276,True,0.8333333333333334,1.0,0.9678571428571427,15,0.8,0.9928571428571428,15,0.1523809523809524,0.4642960661381955
725,de,"( grant 's ) bumbling magic takes over the film , and it turns out to be another winning star vehicle .","(Grant's) Bumble magic takes over the movie, and it turns out that another winning star vehicle.",POSITIVE,0.999729335308075,True,0.8333333333333334,0.8,0.8842105263157894,20,0.4,0.7280701754385965,19,0.1553398058252427,0.4488357700643783
725,fr,"( grant 's ) bumbling magic takes over the film , and it turns out to be another winning star vehicle .","(Grant 's) the upsetting magic takes over the movie, and it turns out to be another star-winner.",POSITIVE,0.999729335308075,True,0.7916666666666666,0.4,0.9087719298245612,19,0.2,0.8315789473684211,19,0.30097087378640774,0.4695576685250051
485,de,a literate presentation that wonderfully weaves a murderous event in 1873 with murderous rage in 2002 .,a literary presentation that wonderfully weaves a murderous event in 1873 with murderous rage in 2002.,POSITIVE,0.9997696280479432,True,0.8823529411764706,0.4,0.8214285714285712,15,0.8,0.945054945054945,13,0.02912621359223301,0.8843946454355333
485,fr,a literate presentation that wonderfully weaves a murderous event in 1873 with murderous rage in 2002 .,an literate presentation that wonderfully weaves a murderous event in 1873 with murderous rage in 2002 .,POSITIVE,0.9997696280479432,True,1.0,0.6,0.9926470588235295,17,0.8,0.9692307692307692,14,0.009615384615384616,0.9351334836242394
787,de,a valueless kiddie paean to pro basketball underwritten by the nba .,a worthless kiddie paean pro basketball signed by the nba.,NEGATIVE,0.9966379404067992,True,0.6875,0.4,0.8545454545454546,11,0.2,0.4333333333333333,9,0.27941176470588236,0.29812473848811094
787,fr,a valueless kiddie paean to pro basketball underwritten by the nba .,a child without paean value to pro basketball subscribed by the nba.,NEGATIVE,0.9966379404067992,True,0.6875,0.4,0.2454545454545454,11,0.2,0.4833333333333333,9,0.4411764705882353,0.29782017963590446
611,de,the performances take the movie to a higher level .,The performances bring the film to a higher level.,POSITIVE,0.9989270567893982,True,0.7777777777777778,0.6,0.8571428571428573,7,0.8,0.8928571428571429,7,0.21568627450980393,0.42728700639623396
611,fr,the performances take the movie to a higher level .,performance brings the film to a higher level.,POSITIVE,0.9989270567893982,True,0.6666666666666666,0.2,0.7142857142857143,6,0.4,0.6,6,0.3333333333333333,0.41801342884834886
212,de,"the entire movie is about a boring , sad man being boring and sad .","The whole film is about a boring, sad man who is boring and sad.",NEGATIVE,0.999234676361084,True,0.7692307692307693,0.6666666666666666,0.9030303030303028,10,0.75,0.9393939393939392,10,0.26865671641791045,0.5307074109851435
212,fr,"the entire movie is about a boring , sad man being boring and sad .","The whole movie is about a boring man, sad being boring and sad.",NEGATIVE,0.999234676361084,True,0.9230769230769232,0.6666666666666666,0.8111888111888113,12,0.5,0.8811188811188813,12,0.19402985074626866,0.5410822690539397
625,de,for the most part stevens glides through on some solid performances and witty dialogue .,for the most part stevens glides through to some solid performances and funny dialogue.,POSITIVE,0.9998788833618164,True,0.875,0.8,0.9956043956043956,14,0.8,0.967032967032967,13,0.07954545454545454,0.6104735835807847
625,fr,for the most part stevens glides through on some solid performances and witty dialogue .,for most stevens slides through solid performances and spiritual dialogue.,POSITIVE,0.9998788833618164,True,0.5625,0.2,0.1833333333333333,9,0.4,0.7833333333333333,9,0.29545454545454547,0.14124623509897197
125,de,a movie that reminds us of just how exciting and satisfying the fantasy cinema can be when it 's approached with imagination and flair .,a film that reminds us of how exciting and satisfying the fantasy cinema can be when it is approached with fantasy and flair.,POSITIVE,0.9998750686645508,True,0.8,0.8,0.7338345864661654,20,0.6,0.7172932330827068,20,0.14705882352941177,0.5891147431306695
125,fr,a movie that reminds us of just how exciting and satisfying the fantasy cinema can be when it 's approached with imagination and flair .,a film that reminds us how exciting and satisfying fantastic cinema can be when approached with imagination and flair.,POSITIVE,0.9998750686645508,True,0.68,0.6,0.8897058823529412,17,0.6,0.6225490196078433,17,0.19852941176470587,0.4272255490113786
23,de,"a delectable and intriguing thriller filled with surprises , read my lips is an original .","a delicious and fascinating thriller full of surprises, read my lips is an original.",POSITIVE,0.9998834133148192,True,0.6666666666666666,0.6,0.9790209790209792,12,0.4,0.8461538461538463,12,0.24444444444444444,0.551200335744727
23,fr,"a delectable and intriguing thriller filled with surprises , read my lips is an original .","a delicious and intriguing thriller filled with surprises, reading my lips is an original.",POSITIVE,0.9998834133148192,True,0.7777777777777778,0.6,0.9032967032967032,14,0.6,0.8505494505494505,14,0.12222222222222222,0.6865065103648592
101,de,"his last movie was poetically romantic and full of indelible images , but his latest has nothing going for it .","his last movie was poetically romantic and full of indelible images, but his latest has nothing to do.",NEGATIVE,0.9975209832191468,True,0.8695652173913043,1.0,0.9639097744360902,20,0.4,0.7990196078431374,17,0.0990990990990991,0.8078150978406723
101,fr,"his last movie was poetically romantic and full of indelible images , but his latest has nothing going for it .","His last film was poetically romantic and full of indelible images, but his last one had nothing to do with it.",NEGATIVE,0.9975209832191468,True,0.782608695652174,1.0,0.913312693498452,18,0.2,0.5714285714285713,15,0.1891891891891892,0.4969369596581761
333,de,"a pleasant enough romance with intellectual underpinnings , the kind of movie that entertains even as it turns maddeningly predictable .","a pleasant enough romance with intellectual underpinnings, the kind of movie that talks, even if it becomes crazy predictable.",POSITIVE,0.9984666109085084,True,0.8,0.8,0.9458646616541352,20,0.4,0.8480392156862745,17,0.19852941176470587,0.610014062304072
333,fr,"a pleasant enough romance with intellectual underpinnings , the kind of movie that entertains even as it turns maddeningly predictable .","a pretty nice romance with intellectual bases, the kind of film that entertains even as it becomes crazyly predictable.",POSITIVE,0.9984666109085084,True,0.64,0.4,0.8647058823529412,16,0.8,0.9607142857142856,15,0.3161764705882353,0.37027304017004875
263,de,"chilling , well-acted , and finely directed : david jacobson 's dahmer .","chilling, well played, and finely directed: david jacobson's dahmer.",POSITIVE,0.99981290102005,True,0.8888888888888888,1.0,0.988235294117647,16,0.8,0.9615384615384616,13,0.1388888888888889,0.47037095938668977
263,fr,"chilling , well-acted , and finely directed : david jacobson 's dahmer .","cold, well operated, and finely directed: david jacobson 's dahmer.",POSITIVE,0.99981290102005,True,0.8333333333333334,0.6,0.914285714285714,15,0.4,0.6083916083916086,12,0.2222222222222222,0.6930977286178778
43,de,holm ... embodies the character with an effortlessly regal charisma .,Holm ... embodies the character with an effortlessly royal charisma.,POSITIVE,0.9998315572738647,True,0.9285714285714286,0.8,0.989010989010989,13,1.0,0.9833333333333332,9,0.043478260869565216,0.7016035864257111
43,fr,holm ... embodies the character with an effortlessly regal charisma .,Holm ... embodies the character with an effortless charisma.,POSITIVE,0.9998315572738647,True,0.8571428571428571,0.6,1.0,12,0.6,0.9523809523809524,8,0.13043478260869565,0.6168186456860181
86,de,"the film flat lines when it should peak and is more missed opportunity and trifle than dark , decadent truffle .","the film flat lines when it should peak and is more missed opportunity and trifle than dark, decadent truffles.",NEGATIVE,0.9996635913848876,True,1.0,0.6,0.9772727272727272,23,0.8,0.9912280701754386,19,0.017857142857142856,0.9086549610666288
86,fr,"the film flat lines when it should peak and is more missed opportunity and trifle than dark , decadent truffle .","flat film lines when it should peak and is more opportunity missed and trifle than dark, decadent truffle.",NEGATIVE,0.9996635913848876,True,0.9565217391304348,0.8,0.974025974025974,22,0.8,0.7982456140350876,19,0.22321428571428573,0.6974191038331387
669,de,"preaches to two completely different choirs at the same time , which is a pretty amazing accomplishment .","preaching to two completely different choirs at the same time, this is a pretty amazing achievement.",POSITIVE,0.999846339225769,True,0.7894736842105263,0.6,0.914285714285714,15,0.8,0.8999999999999999,15,0.1523809523809524,0.6654377827941899
669,fr,"preaches to two completely different choirs at the same time , which is a pretty amazing accomplishment .","preaches to two completely different choirs at the same time, which is a rather surprising achievement.",POSITIVE,0.999846339225769,True,0.8421052631578947,0.4,0.9176470588235294,16,0.2,0.8571428571428571,15,0.20952380952380953,0.7694297399066491
355,de,there is no pleasure in watching a child suffer .,It is no pleasure to see a child suffer.,NEGATIVE,0.9993324875831604,True,0.7,0.6,0.8214285714285715,7,0.6,0.8571428571428573,7,0.32653061224489793,0.3799178428257963
355,fr,there is no pleasure in watching a child suffer .,There is no pleasure in watching a child suffer.,NEGATIVE,0.9993324875831604,True,1.0,1.0,1.0,10,1.0,1.0,10,0.02040816326530612,0.8801117367933934
109,de,it 's great escapist fun that recreates a place and time that will never happen again .,it's great escapist fun that will create a place and time that will never happen again.,POSITIVE,0.9998679161071776,True,0.9,0.6,0.9690402476780186,18,0.75,0.8058823529411765,16,0.09195402298850575,0.6964705665515706
109,fr,it 's great escapist fun that recreates a place and time that will never happen again .,It is a great escapist pleasure that recreates a place and a time that will never happen again.,POSITIVE,0.9998679161071776,True,0.9,0.6,0.8348813209494325,18,0.25,0.4725274725274725,14,0.1368421052631579,0.5309354663044072
308,fr,an intriguing cinematic omnibus and round-robin that occasionally is more interesting in concept than in execution .,an intriguing cinematographic omnibus and a round robin that is sometimes more interesting in concept than in execution.,POSITIVE,0.9978646636009216,True,0.8333333333333334,0.8,0.9535714285714284,15,0.4,0.9428571428571428,15,0.18333333333333332,0.44897710722021167
490,de,detox is ultimately a pointless endeavor .,Detoxification is ultimately a pointless undertaking.,NEGATIVE,0.9998119473457336,True,0.875,0.6,0.8214285714285715,7,0.8,0.7,5,0.3018867924528302,0.43472087194499137
490,fr,detox is ultimately a pointless endeavor .,detox is finally a useless business.,NEGATIVE,0.9998119473457336,True,0.625,0.6,0.8999999999999998,5,0.6,0.7999999999999999,4,0.47619047619047616,0.15619699684601282
793,de,"... an otherwise intense , twist-and-turn thriller that certainly should n't hurt talented young gaghan 's resume .","... an otherwise intense, twist-and-turn thriller that certainly does not hurt talented young Gaghan 's resume.",POSITIVE,0.9984886646270752,True,0.8695652173913043,0.6,0.8130876844277979,20,0.6,0.7333333333333334,19,0.06956521739130435,0.6514613449066714
793,fr,"... an otherwise intense , twist-and-turn thriller that certainly should n't hurt talented young gaghan 's resume .","...an otherwise intense thriller, twist-and-turn that should certainly not hurt talented young gaghan 's CV .",POSITIVE,0.9984886646270752,True,0.8695652173913043,0.6,0.8181573300141012,20,0.6,0.7280701754385965,19,0.2956521739130435,0.482457299495954
164,de,a woman 's pic directed with resonance by ilya chaiken .,a woman's image with resonance directed by Ilya Chaiken.,POSITIVE,0.9994459748268129,True,0.9333333333333332,0.6,0.8065934065934066,14,0.6,0.7454545454545456,11,0.375,0.09993744303650719
164,fr,a woman 's pic directed with resonance by ilya chaiken .,a picture of a woman resonated by ilya chaiken.,POSITIVE,0.9994459748268129,True,0.6,0.2,0.9333333333333332,9,0.2,0.0857142857142857,6,0.44642857142857145,0.2826657746622342
421,de,it 's one heck of a character study -- not of hearst or davies but of the unique relationship between them .,"It's a tail of a character study -- not of Hearst or Davies, but of the unique relationship between them.",POSITIVE,0.9977983236312866,True,0.9047619047619048,0.6,0.4859649122807017,19,0.4,0.3192982456140351,19,0.09259259259259259,0.5852187596735431
421,fr,it 's one heck of a character study -- not of hearst or davies but of the unique relationship between them .,"It is a kind of character study, not of a hearsay or a davia, but of the unique relationship between them.",POSITIVE,0.9977983236312866,True,0.6666666666666666,0.4,0.3406593406593406,14,0.4,0.4549450549450549,14,0.2037037037037037,0.36446670886798826
207,de,"smart , provocative and blisteringly funny .","smart, provocative and bluish funny.",POSITIVE,0.999887466430664,True,0.6,0.6,0.942857142857143,6,0.8,0.942857142857143,6,0.25,0.4889230224349009
207,fr,"smart , provocative and blisteringly funny .","Smart, provocative and funny blistering.",POSITIVE,0.999887466430664,True,0.9,0.6,0.9666666666666668,9,0.8,0.942857142857143,6,0.36363636363636365,0.2777619034011791
728,de,"but taken as a stylish and energetic one-shot , the queen of the damned can not be said to suck .","but taken as a stylish and energetic one-shot, the queen of the damned cannot be said to suck.",POSITIVE,0.990915596485138,True,0.9166666666666666,1.0,0.9446640316205536,22,0.6,0.8406015037593983,20,0.030927835051546393,0.8160528832434366
728,fr,"but taken as a stylish and energetic one-shot , the queen of the damned can not be said to suck .","but taken as a stylish and energetic one-shot, the queen of the damned cannot be said to suck.",POSITIVE,0.990915596485138,True,0.9166666666666666,1.0,0.9446640316205536,22,0.6,0.8406015037593983,20,0.030927835051546393,0.8160528832434366
814,de,"this piece of channel 5 grade trash is , quite frankly , an insult to the intelligence of the true genre enthusiast .","This piece of channel 5 degrees garbage is, quite frankly, an insult to the intelligence of true genre enthusiasts.",NEGATIVE,0.9997583031654358,True,0.85,0.6,0.9877450980392156,17,0.6,0.7769607843137256,17,0.1452991452991453,0.586694318457998
814,fr,"this piece of channel 5 grade trash is , quite frankly , an insult to the intelligence of the true genre enthusiast .","This piece of channel 5 grade trash is, quite frankly, an insult to the intelligence of the true genre amateur.",NEGATIVE,0.9997583031654358,True,0.95,0.6,0.6210526315789473,19,0.8,0.9912280701754386,19,0.10256410256410256,0.8706099548745285
315,de,"complete lack of originality , cleverness or even visible effort","total lack of originality, prudence or even visible effort",NEGATIVE,0.9997922778129578,True,0.75,0.8,1.0,9,0.8,0.9761904761904764,8,0.234375,0.5253819788848316
315,fr,"complete lack of originality , cleverness or even visible effort","total lack of originality, intelligence or even visible effort",NEGATIVE,0.9997922778129578,True,0.75,0.8,0.9833333333333332,9,0.8,0.9523809523809524,8,0.265625,0.5253819788848316
431,fr,should have been someone else -,I should have been someone else.,NEGATIVE,0.9992334842681884,True,0.8333333333333334,0.8,0.7,5,0.8,0.1999999999999999,5,0.125,0.6147881529512643
151,de,"a big , gorgeous , sprawling swashbuckler that delivers its diversions in grand , uncomplicated fashion .","a great, gorgeous, spreading swashbucker that delivers its distractions in grand, uncomplicated fashion.",POSITIVE,0.9998273253440856,True,0.8181818181818182,0.8,0.9029927760577916,18,0.4,0.7454545454545456,11,0.1619047619047619,0.4381951253767691
151,fr,"a big , gorgeous , sprawling swashbuckler that delivers its diversions in grand , uncomplicated fashion .","a great, beautiful, tentacular washbuckler that delivers its diversions in great, simple fashion.",POSITIVE,0.9998273253440856,True,0.5454545454545454,0.2,0.5174825174825175,12,0.2,0.7333333333333334,9,0.3619047619047619,0.2756966158898808
206,de,"an artful , intelligent film that stays within the confines of a well-established genre .","an artful, intelligent film that remains within the limits of a well-established genre.",POSITIVE,0.999852180480957,True,0.8888888888888888,1.0,0.9294117647058824,16,1.0,0.9892857142857142,15,0.14606741573033707,0.6104735835807847
206,fr,"an artful , intelligent film that stays within the confines of a well-established genre .",an artificeful and intelligent film that remains within the limits of a well-established genre.,POSITIVE,0.999852180480957,True,0.8333333333333334,1.0,0.9178571428571428,15,0.6,0.8901098901098902,13,0.21052631578947367,0.37030468338190614
533,de,"`` mostly martha '' is a bright , light modern day family parable that wears its heart on its sleeve for all to see .","``mostly martha '' is a bright, bright, modern family parabola that carries its heart on its sleeve for everyone to see.",POSITIVE,0.9996877908706664,True,0.8,0.6,0.6706766917293233,20,0.6,0.9649122807017544,19,0.20833333333333334,0.5549073390705057
533,fr,"`` mostly martha '' is a bright , light modern day family parable that wears its heart on its sleeve for all to see .",``Most of the time Martha ' ' is a modern and bright family parable that carries its heart on its sleeve for all to see.,POSITIVE,0.9996877908706664,True,0.8,0.4,0.8556390977443609,20,0.4,0.719298245614035,19,0.325,0.4218427481900357
586,de,"the humor is n't as sharp , the effects not as innovative , nor the story as imaginative as in the original .","the humor is not so sharp, the effects are not as innovative, nor the story as imaginative as in the original.",NEGATIVE,0.9997325539588928,True,0.8333333333333334,0.6,0.95,15,0.75,0.5535714285714285,15,0.09090909090909091,0.7186969683828065
586,fr,"the humor is n't as sharp , the effects not as innovative , nor the story as imaginative as in the original .","humor is not as lively, the effects are not as innovative, nor the story as imaginative as in the original.",NEGATIVE,0.9997325539588928,True,0.7777777777777778,0.6,0.8593406593406594,14,0.5,0.389010989010989,14,0.1559633027522936,0.681195157751836
259,de,a rarity among recent iranian films : it 's a comedy full of gentle humor that chides the absurdity of its protagonist 's plight .,a rarity among recent Iranian films: it is a comedy full of gentle humor that dampens the absurdity of his protagonist's adversity.,POSITIVE,0.9997153878211976,True,0.8461538461538461,0.8,0.7843026538678713,22,0.6,0.7548872180451127,20,0.13740458015267176,0.43238062610029115
259,fr,a rarity among recent iranian films : it 's a comedy full of gentle humor that chides the absurdity of its protagonist 's plight .,a rarity among recent Iranian films: it's a comedy full of sweet humour that shits the absurdity of the fate of its protagonist.,POSITIVE,0.9997153878211976,True,0.8076923076923077,0.4,0.7233766233766233,21,0.4,0.7947368421052632,19,0.25384615384615383,0.29321100825533397
495,de,light years / several warp speeds / levels and levels of dilithium crystals better than the pitiful insurrection .,Light years / several warp speeds / levels and levels of dilithium crystals better than the pathetic uprising.,POSITIVE,0.9293968081474304,True,0.85,0.8,0.9534313725490198,17,0.8,0.7964285714285713,15,0.12280701754385964,0.7828785637123026
495,fr,light years / several warp speeds / levels and levels of dilithium crystals better than the pitiful insurrection .,light-years / multiple distortion speeds / dilithium crystal levels and levels better than pitiful insurrection.,POSITIVE,0.9293968081474304,True,0.75,0.6,0.7571428571428571,15,0.4,0.3916083916083916,12,0.47368421052631576,0.1670445270854116
651,de,"due to some script weaknesses and the casting of the director 's brother , the film trails off into inconsequentiality .","Due to some script weaknesses and the casting of the director's brother, the film leads into inconsequence.",NEGATIVE,0.9995123147964478,True,0.8,0.6,0.9654135338345864,20,0.6,0.8602941176470589,17,0.15,0.520405840837113
651,fr,"due to some script weaknesses and the casting of the director 's brother , the film trails off into inconsequentiality .","due to some script weaknesses and the casting of the director's brother, the film ventures into inconsequence.",NEGATIVE,0.9995123147964478,True,0.8,0.6,0.8225563909774435,20,0.4,0.6004901960784315,17,0.16666666666666666,0.573764722928549
732,de,like being trapped at a perpetual frat party ... how can something so gross be so boring ?,Like being trapped at an eternal frat party... how can something so rough be so boring?,NEGATIVE,0.9996898174285888,True,0.8333333333333334,0.8,0.8892857142857141,15,0.75,0.8373626373626375,14,0.13333333333333333,0.5948590702402718
732,fr,like being trapped at a perpetual frat party ... how can something so gross be so boring ?,like being trapped in a perpetual fraternity party... how can something so disgusting be so boring?,NEGATIVE,0.9996898174285888,True,0.7777777777777778,0.6,0.8549450549450549,14,0.75,0.9516483516483516,14,0.1919191919191919,0.5660049803302034
593,de,the terrific and bewilderingly underrated campbell scott gives a star performance that is nothing short of mesmerizing .,the grandiose and confusing underrated Campbell Scott gives a star performance that hypnotize nothing less than.,POSITIVE,0.9996761083602904,True,0.52,0.0,0.6703296703296703,13,0.4,0.5874125874125874,12,0.3333333333333333,0.24005404395850427
593,fr,the terrific and bewilderingly underrated campbell scott gives a star performance that is nothing short of mesmerizing .,the incredible and underestimated scott campbell gives a star performance that is nothing less than being enchanting.,POSITIVE,0.9996761083602904,True,0.52,0.0,0.5659340659340659,13,0.4,0.7762237762237763,12,0.44166666666666665,0.3742031646082126
428,de,"beautifully observed , miraculously unsentimental comedy-drama .","Beautifully observed, wondrous unsentimental comedy drama.",POSITIVE,0.999866247177124,True,0.7692307692307693,0.6,0.9878787878787878,10,0.6,0.9642857142857144,7,0.1875,0.13134549472120788
428,fr,"beautifully observed , miraculously unsentimental comedy-drama .","Magnificently observed, miraculously insensitive comedy-drama.",POSITIVE,0.999866247177124,True,0.6153846153846154,0.4,0.9285714285714288,8,0.6,0.9642857142857144,7,0.296875,0.30739407647563216
585,de,"one of those pictures whose promising , if rather precious , premise is undercut by amateurish execution .","one of those images whose promising, though rather precious, premise is undermined by the amateurish execution.",NEGATIVE,0.9997910857200624,True,0.7894736842105263,0.8,0.9464285714285712,15,0.6,0.8813186813186813,14,0.2072072072072072,0.3729661124266711
585,fr,"one of those pictures whose promising , if rather precious , premise is undercut by amateurish execution .","one of these images whose promising premise, if rather precious, is undercut by amateur performance.",NEGATIVE,0.9997910857200624,True,0.7894736842105263,0.4,0.8714285714285712,15,0.6,0.901098901098901,13,0.330188679245283,0.3323485859915788
343,de,no way i can believe this load of junk .,No way can I believe that load of junk.,NEGATIVE,0.999742329120636,True,0.9,0.8,0.7833333333333333,9,0.8,0.7333333333333334,9,0.175,0.30213753973567675
343,fr,no way i can believe this load of junk .,I can't believe this junk load.,NEGATIVE,0.999742329120636,True,0.7,0.6,0.9285714285714288,7,0.8,0.7500000000000002,7,0.525,0.10759051250985635
275,de,"an entertaining , colorful , action-filled crime story with an intimate heart .","an entertaining, colorful, action-packed crime story with an intimate heart.",POSITIVE,0.9998856782913208,True,0.9230769230769232,0.8,0.8741258741258742,12,1.0,1.0,12,0.08860759493670886,0.7611606003349888
275,fr,"an entertaining , colorful , action-filled crime story with an intimate heart .","a fun, colorful, action-filled crime story with an intimate heart.",POSITIVE,0.9998856782913208,True,0.9230769230769232,0.8,0.9930069930069932,12,0.6,0.9300699300699302,12,0.189873417721519,0.8242367502646057
680,de,"the vitality of the actors keeps the intensity of the film high , even as the strafings blend together .","The vitality of the actors keeps the intensity of the film high, even if the stripes mix.",POSITIVE,0.9994937181472778,True,0.6666666666666666,0.6,0.9230769230769232,12,1.0,0.9,11,0.21153846153846154,0.6444065420225761
680,fr,"the vitality of the actors keeps the intensity of the film high , even as the strafings blend together .","the vitality of the actors maintains the intensity of the film, even if the calipers mix.",POSITIVE,0.9994937181472778,True,0.5555555555555556,0.6,0.8060606060606059,10,0.6,0.95,9,0.3557692307692308,0.4030949313513571
515,de,"if looking for a thrilling sci-fi cinematic ride , do n't settle for this imposter .","when looking for an exciting sci-fi cinematic ride, not for this poster.",NEGATIVE,0.9972249269485474,True,0.4761904761904761,0.4,0.9636363636363636,10,0.2,0.3333333333333332,10,0.2976190476190476,0.21446539598866315
515,fr,"if looking for a thrilling sci-fi cinematic ride , do n't settle for this imposter .","If you're looking for an exciting sci-ficious movie ride, don't be content with this impostor.",NEGATIVE,0.9972249269485474,True,0.6666666666666666,0.0,0.5912087912087912,14,0.2,0.4545454545454545,11,0.39361702127659576,0.07158561577277536
130,de,suffers from the lack of a compelling or comprehensible narrative .,suffers from the lack of a convincing or understandable narrative.,NEGATIVE,0.9997965693473816,True,0.6428571428571429,0.6,0.9833333333333332,9,0.8,0.95,9,0.22388059701492538,0.5348259312838876
130,fr,suffers from the lack of a compelling or comprehensible narrative .,suffers from the absence of a convincing or understandable narrative .,NEGATIVE,0.9997965693473816,True,0.5714285714285714,0.4,0.9761904761904764,8,0.6,0.9285714285714288,8,0.2857142857142857,0.21200626759025185
97,de,"no sophomore slump for director sam mendes , who segues from oscar winner to oscar-winning potential with a smooth sleight of hand .","No Sophomore break-in for director Sam Mendes, who sails from the Oskar winner to the Oskar winner potential with a smooth hand loop.",POSITIVE,0.9947522878646852,True,0.6666666666666666,0.6,0.8369453044375645,18,0.0,0.3539731682146542,18,0.3082706766917293,0.15055864855414344
295,de,jones ... does offer a brutal form of charisma .,Jones offers a brutal form of charisma.,POSITIVE,0.9991148114204408,True,0.8,0.6,0.5000000000000001,8,0.6,0.8214285714285715,7,0.22916666666666666,0.4126682571567718
295,fr,jones ... does offer a brutal form of charisma .,Jones... offers a brutal form of charisma.,POSITIVE,0.9991148114204408,True,0.8,0.4,0.9047619047619048,8,0.4,0.8571428571428573,7,0.16666666666666666,0.536655197918775
197,de,"for starters , the story is just too slim .","For starters, the story is easy to slim.",NEGATIVE,0.9997972846031188,True,0.8,0.6,0.7380952380952381,8,0.4,0.4285714285714286,8,0.13953488372093023,0.45180100180492244
197,fr,"for starters , the story is just too slim .","To begin with, the story is just too thin.",NEGATIVE,0.9997972846031188,True,0.7,0.4,0.7142857142857144,7,0.6,0.8928571428571429,7,0.37209302325581395,0.47987820666906633
368,de,"the humor is forced and heavy-handed , and occasionally simply unpleasant .","the humor is forced and heavy-handed, and occasionally simply unpleasant.",NEGATIVE,0.9996163845062256,True,1.0,1.0,1.0,13,1.0,1.0,13,0.02666666666666667,1.0000000000000004
368,fr,"the humor is forced and heavy-handed , and occasionally simply unpleasant .","humor is forced and dumped, and sometimes simply unpleasant.",NEGATIVE,0.9996163845062256,True,0.6153846153846154,0.6,0.9761904761904764,8,0.6,0.8095238095238096,8,0.36,0.3453155548318878
261,de,"the very definition of the ` small ' movie , but it is a good stepping stone for director sprecher .","the very definition of the ‘small' movie, but it's a good jumpstone for director speaker.",POSITIVE,0.9997488856315612,True,0.6818181818181818,0.6,0.9678571428571427,15,0.6,0.9214285714285712,15,0.18,0.27456605575868764
261,fr,"the very definition of the ` small ' movie , but it is a good stepping stone for director sprecher .","the very definition of the film "" small "" , but it is a good springboard for the director sprecher.",POSITIVE,0.9997488856315612,True,0.7727272727272727,0.8,0.7671568627450981,17,0.4,0.932142857142857,15,0.27,0.47051591265423104
310,de,"if you can stomach the rough content , it 's worth checking out for the performances alone .","If you can endure the rough content, it is worth looking for the benefits alone.",POSITIVE,0.99977046251297,True,0.6666666666666666,0.2,0.4335664335664336,12,0.2,0.0839160839160839,12,0.30434782608695654,0.28897738063050743
310,fr,"if you can stomach the rough content , it 's worth checking out for the performances alone .","If you can stomach rough contents, it is worth checking for performance alone.",POSITIVE,0.99977046251297,True,0.6666666666666666,0.2,0.3496503496503497,12,0.4,0.2097902097902098,12,0.17391304347826086,0.13936005331278084
176,fr,"delivers the same old same old , tarted up with latin flava and turned out by hollywood playas .","delivers the same old same old, spread with Latin flava and produced by Hollywood playas.",NEGATIVE,0.9580540060997008,True,0.75,1.0,0.7785714285714285,15,0.6,0.6538461538461539,13,0.17708333333333334,0.3883517938756769
560,de,do n't be fooled by the impressive cast list - eye see you is pure junk .,don't let yourself be fooled by the impressive cast list - eye seeing you is pure garbage.,NEGATIVE,0.9983021020889282,True,0.7894736842105263,0.4,0.3214285714285714,15,0.4,0.6499999999999999,15,0.26666666666666666,0.5398995684986873
690,de,"stultifyingly , dumbfoundingly , mind-numbingly bad .","terrifying , dumb , mentally dangerous bad .",NEGATIVE,0.9997854828834534,True,0.2857142857142857,0.4,0.7999999999999999,4,0.2,1.0,3,0.5471698113207547,0.13134549472120788
690,fr,"stultifyingly , dumbfoundingly , mind-numbingly bad .","stultificatively, stupidly, mental-numbingly bad.",NEGATIVE,0.9997854828834534,True,0.6428571428571429,0.4,0.8166666666666667,9,0.4,0.7,5,0.4339622641509434,0.15619699684601282
393,de,it all adds up to good fun .,it all results in too much fun.,POSITIVE,0.9998838901519777,True,0.5,0.2,0.6000000000000001,4,0.2,1.0,4,0.45161290322580644,0.15619699684601276
393,fr,it all adds up to good fun .,It's all good fun.,POSITIVE,0.9998838901519777,True,0.625,0.4,1.0,5,0.6,1.0,5,0.5,0.2345000810620359
471,de,"adults will wish the movie were less simplistic , obvious , clumsily plotted and shallowly characterized .","Adults will want the film to be less simplistic, obvious, plumply drawn and flat.",NEGATIVE,0.999290943145752,True,0.5714285714285714,0.6,0.9230769230769232,12,0.4,0.4833333333333333,9,0.42452830188679247,0.24797984721910182
471,fr,"adults will wish the movie were less simplistic , obvious , clumsily plotted and shallowly characterized .","adults will want the film to be less simplistic, obvious, clumsy and uncharacterized.",NEGATIVE,0.999290943145752,True,0.5238095238095238,0.6,0.8272727272727273,11,0.2,0.5166666666666667,9,0.330188679245283,0.2704370881392504
297,de,travels a fascinating arc from hope and euphoria to reality and disillusionment .,travels a fascinating arc of hope and euphoria to reality and disillusionment.,POSITIVE,0.998934805393219,True,0.9411764705882352,1.0,1.0,16,0.6,0.9636363636363636,11,0.04938271604938271,0.7611606003349888
297,fr,travels a fascinating arc from hope and euphoria to reality and disillusionment .,travels a fascinating arc of hope and euphoria to reality and disillusionment.,POSITIVE,0.998934805393219,True,0.9411764705882352,1.0,1.0,16,0.6,0.9636363636363636,11,0.04938271604938271,0.7611606003349888
487,de,"( e ) ventually , every idea in this film is flushed down the latrine of heroism .","(e) valvely, any idea in this movie is washed down the latrine of heroism.",NEGATIVE,0.997702181339264,True,0.7619047619047619,0.6,0.8941176470588235,16,0.8,0.8593406593406594,14,0.2682926829268293,0.4192061018624394
487,fr,"( e ) ventually , every idea in this film is flushed down the latrine of heroism .","( e ) eventually , each idea in this film is rinsed into the latrine of heroism .",NEGATIVE,0.997702181339264,True,0.7619047619047619,0.6,0.6911764705882353,16,0.4,0.5692307692307692,14,0.15853658536585366,0.4806604068305993
14,de,even horror fans will most likely not find what they 're seeking with trouble every day ; the movie lacks both thrills and humor .,Even horror fans will most likely not find what they are looking for every day with trouble; the movie lacks thrills and humor.,NEGATIVE,0.999771535396576,True,0.8518518518518519,1.0,0.931818181818182,23,0.8,0.8577075098814231,22,0.25384615384615383,0.5586374486571748
14,fr,even horror fans will most likely not find what they 're seeking with trouble every day ; the movie lacks both thrills and humor .,Even horror fans will probably not find what they are looking for with problems every day; the film lacks both strong sensations and humour.,NEGATIVE,0.999771535396576,True,0.6296296296296297,0.2,0.9705882352941178,17,0.4,0.9166666666666669,17,0.30714285714285716,0.25169669587818405
659,de,chabrol has taken promising material for a black comedy and turned it instead into a somber chamber drama .,chabrol has taken promising material for a black comedy and instead turned it into a gloomy chamber drama.,NEGATIVE,0.9975568056106568,True,0.95,0.8,0.912280701754386,19,0.6,0.9779411764705884,17,0.18691588785046728,0.6309433236258316
659,fr,chabrol has taken promising material for a black comedy and turned it instead into a somber chamber drama .,Chabrol took promising material for a black comedy and turned it instead into a dark room drama.,NEGATIVE,0.9975568056106568,True,0.8,0.6,0.7735294117647058,16,0.6,0.8857142857142857,14,0.19626168224299065,0.6372022630201216
755,de,"... a fun little timewaster , helped especially by the cool presence of jean reno .","... a funny little timer, especially helped by the cool presence of jean reno.",POSITIVE,0.9998480081558228,True,0.7647058823529411,0.4,0.9505494505494506,13,0.4,0.8461538461538461,13,0.27710843373493976,0.5686658363061539
755,fr,"... a fun little timewaster , helped especially by the cool presence of jean reno .","... a fun little timewaster, helped especially by the fresh presence of deno jeans.",POSITIVE,0.9998480081558228,True,0.8235294117647058,0.4,0.9647600495866884,14,0.4,0.8811188811188813,12,0.1566265060240964,0.6853234406569367
260,de,"/ but daphne , you 're too buff / fred thinks he 's tough / and velma - wow , you 've lost weight !","/ but daphne, you're too buff/fred thinks he's tough / and velma - wow, you've lost weight!",NEGATIVE,0.999314546585083,True,1.0,1.0,1.0,22,1.0,1.0,22,0.08080808080808081,0.5188066431500757
260,fr,"/ but daphne , you 're too buff / fred thinks he 's tough / and velma - wow , you 've lost weight !","/ but daphne, you're too buff / Fred thinks it's hard / and velma - wow, you've lost weight!",NEGATIVE,0.999314546585083,True,0.9090909090909092,0.8,0.9699248120300752,20,0.8,0.9804511278195488,20,0.13131313131313133,0.38314809322525567
328,de,an unwise amalgam of broadcast news and vibes .,an unwise amalgam of broadcast news and vibes.,NEGATIVE,0.9884937405586244,True,1.0,1.0,1.0,13,1.0,1.0,9,0.02127659574468085,1.0000000000000004
328,fr,an unwise amalgam of broadcast news and vibes .,unwise amalgam of news and broadcast vibes.,NEGATIVE,0.9884937405586244,True,0.9230769230769232,0.8,0.8881118881118882,12,1.0,0.8095238095238096,8,0.425531914893617,0.2756867318192443
35,de,a sequence of ridiculous shoot - 'em - up scenes .,A sequence of ridiculous shooting 'em-up scenes.,NEGATIVE,0.9997166991233826,True,0.9090909090909092,0.4,0.709090909090909,10,0.6,0.6848484848484848,10,0.12,0.17765505306875906
35,fr,a sequence of ridiculous shoot - 'em - up scenes .,a ridiculous shooting sequence - ''they - scenes at the top.,NEGATIVE,0.9997166991233826,True,0.6363636363636364,0.2,0.6071428571428572,7,0.2,-0.1071428571428571,7,0.6666666666666666,0.05508399197492329
572,de,the film 's tone and pacing are off almost from the get-go .,The sound and speed of the film are almost off the grid.,NEGATIVE,0.999692678451538,True,0.4666666666666667,0.4,0.9642857142857144,7,0.4,0.9642857142857144,7,0.6,0.08737167851715874
572,fr,the film 's tone and pacing are off almost from the get-go .,The tone and rhythm of the film are almost out of the race.,NEGATIVE,0.999692678451538,True,0.4666666666666667,0.2,0.5714285714285715,7,0.2,0.5,7,0.65,0.09552040806823771
204,de,"that dogged good will of the parents and ` vain ' jia 's defoliation of ego , make the film touching despite some doldrums .","That dogged good will of parents and 'in vain' Jia 's denial of ego, make the film touch despite some doldrums.",POSITIVE,0.999560534954071,True,0.8214285714285714,0.6,0.9545454545454548,23,0.6,0.6902255639097743,20,0.16129032258064516,0.4057960827096093
204,fr,"that dogged good will of the parents and ` vain ' jia 's defoliation of ego , make the film touching despite some doldrums .","who spoiled the parents ' goodwill and the defoliation of the ego by "" vain "" of Jia, making the touching film despite some doldrums.",POSITIVE,0.999560534954071,True,0.75,0.4,0.6935064935064935,21,0.8,0.5764705882352941,16,0.518796992481203,0.1483492828623858
98,de,"on the whole , the movie lacks wit , feeling and believability to compensate for its incessant coarseness and banality .","On the whole, the film lacks wit, feeling and credibility to compensate for its unceasing rudeness and banality.",NEGATIVE,0.999817192554474,True,0.64,0.6,0.9411764705882352,16,0.4,0.956043956043956,14,0.19166666666666668,0.45477224609819267
98,fr,"on the whole , the movie lacks wit , feeling and believability to compensate for its incessant coarseness and banality .","Overall, the film lacks spirit, feeling and credibility to compensate for its incessant rudeness and banality.",NEGATIVE,0.999817192554474,True,0.64,0.4,0.8147058823529412,16,0.6,0.5034965034965035,12,0.26666666666666666,0.30706383888915395
337,de,... a boring parade of talking heads and technical gibberish that will do little to advance the linux cause .,... a boring parade of talking minds and technical gibberish that will do little to advance the Linux cause.,NEGATIVE,0.9998096823692322,True,0.9523809523809524,1.0,0.9789473684210528,20,0.8,0.977296181630547,18,0.03669724770642202,0.7552498655792423
337,fr,... a boring parade of talking heads and technical gibberish that will do little to advance the linux cause .,...a boring parade of talking heads and technical gibberish that will do little to advance the linux cause.,NEGATIVE,0.9998096823692322,True,1.0,1.0,1.0,21,1.0,1.0,19,0.01834862385321101,1.0000000000000004
116,de,one of the smartest takes on singles culture i 've seen in a long time .,one of the smartest takes on singles culture that I've seen in a long time.,POSITIVE,0.9998302459716796,True,1.0,0.4,0.6284829721362228,18,1.0,0.8946078431372549,17,0.08,0.7447819789879645
116,fr,one of the smartest takes on singles culture i 've seen in a long time .,One of the smartest takes on the singles culture I've seen for a long time.,POSITIVE,0.9998302459716796,True,0.9444444444444444,0.4,0.5686274509803922,17,1.0,0.9029411764705882,16,0.12,0.4261082723917018
179,de,the film 's performances are thrilling .,The performances of the film are exciting.,POSITIVE,0.9998875856399536,True,0.625,0.6,1.0,5,0.8,0.7999999999999999,5,0.6190476190476191,0.13888095170058956
179,fr,the film 's performances are thrilling .,the performances of the film are thrilling.,POSITIVE,0.9998875856399536,True,0.75,0.8,1.0,6,1.0,0.8857142857142858,6,0.4883720930232558,0.2705411345269698
637,de,the piquant story needs more dramatic meat on its bones .,the piquant story needs more dramatic flesh on its bones.,NEGATIVE,0.9996744394302368,True,0.9230769230769232,0.8,0.972027972027972,12,0.8,0.9636363636363636,10,0.08771929824561403,0.7016879391277372
637,fr,the piquant story needs more dramatic meat on its bones .,The stinging story needs more dramatic meat on its bones.,NEGATIVE,0.9996744394302368,True,0.7692307692307693,0.6,0.8909090909090909,10,0.8,0.9757575757575756,10,0.12280701754385964,0.7860753021519788
729,de,the piece plays as well as it does thanks in large measure to anspaugh 's three lead actresses .,the piece plays as well as it does thanks in large measure to anspaugh 's three leading actresses.,POSITIVE,0.99984610080719,True,0.9545454545454546,0.8,0.9727272727272728,21,1.0,0.9834881320949432,18,0.04081632653061224,0.8663975517813622
729,fr,the piece plays as well as it does thanks in large measure to anspaugh 's three lead actresses .,The play plays as well as it does thanks in large part to Anspaugh's three actresses.,POSITIVE,0.99984610080719,True,0.8636363636363636,1.0,0.912280701754386,19,0.8,0.9323529411764706,16,0.16666666666666666,0.48146893362907406
738,de,... a magnificent drama well worth tracking down .,... a great drama worth tracking down.,POSITIVE,0.9998440742492676,True,0.75,0.4,0.942857142857143,6,0.6,0.5428571428571429,6,0.28,0.48959148327580515
738,fr,... a magnificent drama well worth tracking down .,...a magnificent drama worth finding.,POSITIVE,0.9998440742492676,True,0.625,0.6,0.7999999999999999,5,0.6,0.7,5,0.32,0.50542297269898
676,de,"well-nigh unendurable ... though the picture strains to become cinematic poetry , it remains depressingly prosaic and dull .","well-very inexorable ... although the image trunks to become cinematic poetry, it remains depressingly prosaic and dull.",NEGATIVE,0.9995924830436708,True,0.7037037037037037,0.2,0.7880650166288353,19,0.4,0.7607142857142856,15,0.1693548387096774,0.615326732664331
676,fr,"well-nigh unendurable ... though the picture strains to become cinematic poetry , it remains depressingly prosaic and dull .","Almost unbearable ... although the image leans to become cinematographic poetry, it remains depressing prosaic and dull.",NEGATIVE,0.9995924830436708,True,0.5555555555555556,0.2,0.8178571428571428,15,0.8,0.8909090909090911,11,0.2661290322580645,0.3060368950930091
195,de,my thoughts were focused on the characters .,my thoughts focused on the characters.,POSITIVE,0.9222421050071716,True,0.875,0.8,0.8928571428571429,7,0.8,0.5714285714285715,7,0.13636363636363635,0.6129752413741059
195,fr,my thoughts were focused on the characters .,My thoughts were centered on the characters.,POSITIVE,0.9222421050071716,True,0.875,0.8,1.0,7,0.6,0.7857142857142859,7,0.1590909090909091,0.4111336169005198
605,de,puts a human face on a land most westerners are unfamiliar with .,puts a human face on a land with which most Westerners are unfamiliar.,POSITIVE,0.9974356293678284,True,1.0,0.6,0.7142857142857143,13,0.6,0.8461538461538463,12,0.24285714285714285,0.5142401605028263
605,fr,puts a human face on a land most westerners are unfamiliar with .,puts a human face on a land that most Westerners don't know.,POSITIVE,0.9974356293678284,True,0.7692307692307693,0.6,0.8424242424242423,10,0.6,0.5166666666666667,9,0.35384615384615387,0.5008718428920986
359,de,"displaying about equal amounts of naiveté , passion and talent , beneath clouds establishes sen as a filmmaker of considerable potential .","shows about equal amounts of naivety , passion and talent , established under clouds sen as a filmmaker of considerable potential .",POSITIVE,0.999652624130249,True,0.8095238095238095,0.8,0.9387254901960784,17,0.8,0.9323529411764706,16,0.2318840579710145,0.5961621647299125
359,fr,"displaying about equal amounts of naiveté , passion and talent , beneath clouds establishes sen as a filmmaker of considerable potential .","showing equal amounts of naivety, passion and talent, under the clouds establishes the meaning as a filmmaker of considerable potential.",POSITIVE,0.999652624130249,True,0.7619047619047619,0.6,0.8264705882352942,16,0.6,0.6749999999999999,15,0.2246376811594203,0.4867955018661336
794,de,it confirms fincher 's status as a film maker who artfully bends technical know-how to the service of psychological insight .,It confirms Fincher's status as a filmmaker who puts artfully technical know-how at the service of psychological insight.,POSITIVE,0.9993640780448914,True,0.8461538461538461,0.8,0.837380011293055,22,0.8,0.8421052631578947,20,0.128,0.32996156842059304
794,fr,it confirms fincher 's status as a film maker who artfully bends technical know-how to the service of psychological insight .,he confirms Fincher's status as a filmmaker who skilfully bows technical know-how to the service of psychological insight.,POSITIVE,0.9993640780448914,True,0.7692307692307693,0.4,0.6992481203007518,20,0.4,0.8859649122807017,19,0.096,0.46663612512230074
136,de,looks and feels like a project better suited for the small screen .,looks and feels like a project that is better suited for the small screen.,NEGATIVE,0.9987214207649232,True,1.0,0.8,0.9505494505494506,13,0.6,0.7472527472527472,13,0.12162162162162163,0.7241577342575831
136,fr,looks and feels like a project better suited for the small screen .,looks and feels like a project better suited for the small screen.,NEGATIVE,0.9987214207649232,True,1.0,1.0,1.0,13,1.0,1.0,13,0.014925373134328358,1.0000000000000004
376,de,to call the other side of heaven `` appalling '' would be to underestimate just how dangerous entertainments like it can be .,To call the other side of heaven ``terrible ''' would be to underestimate how dangerous conversations as it can be.,NEGATIVE,0.9996867179870604,True,0.7307692307692307,0.4,0.975438596491228,19,0.4,0.7794117647058825,17,0.232,0.5139162196405881
400,de,it 's refreshing to see a girl-power movie that does n't feel it has to prove anything .,It's refreshing to see a girl-power movie that doesn't feel like he has to prove something.,POSITIVE,0.9969967603683472,True,0.85,0.8,0.4142156862745098,17,0.6,0.8357843137254902,17,0.14285714285714285,0.4225487631051936
400,fr,it 's refreshing to see a girl-power movie that does n't feel it has to prove anything .,It's refreshing to see a girl-power movie that doesn't feel like he has to prove anything.,POSITIVE,0.9969967603683472,True,0.9,0.8,0.3395252837977295,18,0.4,0.8101135190918473,18,0.1,0.5420662441541858
456,de,"sticky sweet sentimentality , clumsy plotting and a rosily myopic view of life in the wwii-era mississippi delta undermine this adaptation .","sticky sweet sentimentality, clumsy plotting and a rosy myopic view of life in the wwii-era mississippi delta undermine this adaptation.",NEGATIVE,0.9953475594520568,True,0.9285714285714286,0.8,0.9577705730679994,26,0.8,0.9634387351778656,23,0.02857142857142857,0.8725129388059694
456,fr,"sticky sweet sentimentality , clumsy plotting and a rosily myopic view of life in the wwii-era mississippi delta undermine this adaptation .","soft, sticky sentimentality, awkward plot and a myopic dew view of life in the wwii-era misissippi delta undermines this adaptation.",NEGATIVE,0.9953475594520568,True,0.7857142857142857,0.6,0.8231638418079097,22,0.2,0.1929824561403509,18,0.2571428571428571,0.31751444361869974
377,de,nothing is sacred in this gut-buster .,Nothing's sacred in this intestinal buster.,NEGATIVE,0.9990690350532532,True,0.6666666666666666,0.4,0.6,6,0.8,0.4285714285714286,6,0.3023255813953488,0.26269098944241587
377,fr,nothing is sacred in this gut-buster .,Nothing is sacred in this hose.,NEGATIVE,0.9990690350532532,True,0.6666666666666666,0.4,0.8285714285714287,6,0.8,0.8857142857142858,6,0.23684210526315788,0.43472087194499137
91,de,"hardly a masterpiece , but it introduces viewers to a good charitable enterprise and some interesting real people .","hardly a masterpiece, but it leads the viewer to a good non-profit company and some interesting real people.",POSITIVE,0.999817192554474,True,0.7777777777777778,0.6,0.934065934065934,14,0.8,0.8989010989010989,14,0.26956521739130435,0.5377003392145627
91,fr,"hardly a masterpiece , but it introduces viewers to a good charitable enterprise and some interesting real people .","Little a masterpiece, but it introduces viewers to a good charitable company and some interesting real people.",POSITIVE,0.999817192554474,True,0.8888888888888888,0.8,0.5647058823529412,16,0.6,0.8088235294117646,16,0.1391304347826087,0.7912619863720215
12,de,... the film suffers from a lack of humor ( something needed to balance out the violence ) ...,... the film suffers from a lack of humor ( something necessary to balance the violence ) ...,NEGATIVE,0.9998156428337096,True,0.8823529411764706,0.8,0.5418561608829217,15,1.0,0.9857142857142854,15,0.10638297872340426,0.7691916330019388
12,fr,... the film suffers from a lack of humor ( something needed to balance out the violence ) ...,... the film suffers from a lack of humour (what it takes to balance the violence) ...,NEGATIVE,0.9998156428337096,True,0.7647058823529411,0.8,0.9338878411827252,13,0.6,0.945054945054945,13,0.20212765957446807,0.6333686667931249
211,de,to say this was done better in wilder 's some like it hot is like saying the sun rises in the east .,To say this was better in wilder 's some as it is hot as saying the sun is going to the east.,NEGATIVE,0.9854885935783386,True,0.8571428571428571,0.4,0.7853457172342622,18,0.2,0.7997936016511867,18,0.26,0.31751444361869974
211,fr,to say this was done better in wilder 's some like it hot is like saying the sun rises in the east .,to say that this has been done better in wilder 's some as it warms is like saying the sun rises in the east.,NEGATIVE,0.9854885935783386,True,0.9047619047619048,0.4,0.6713471466826939,19,0.6,0.3964912280701754,19,0.1926605504587156,0.5868136174076831
90,de,"it 's a scattershot affair , but when it hits its mark it 's brilliant .","It's a scattershot affair, but when it hits its brand it's brilliant.",POSITIVE,0.9997256398200988,True,0.9375,1.0,0.9464285714285712,15,0.8,0.978021978021978,13,0.1111111111111111,0.5591363442361345
90,fr,"it 's a scattershot affair , but when it hits its mark it 's brilliant .","It's a matter of scattering, but when he hits his mark, it's brilliant.",POSITIVE,0.9997256398200988,True,0.6875,0.4,0.9454545454545454,11,0.6,0.6000000000000001,11,0.2916666666666667,0.12874330508144838
409,de,"it 's another stale , kill-by-numbers flick , complete with blade-thin characters and terrible , pun-laden dialogue .","It's another standstill, kill-by-number patch, complete with blade-thin characters and terrible, pun-load dialog.",NEGATIVE,0.9998155236244202,True,0.7727272727272727,0.4,0.8455882352941178,17,0.0,0.303921568627451,17,0.1794871794871795,0.4228235917142801
409,fr,"it 's another stale , kill-by-numbers flick , complete with blade-thin characters and terrible , pun-laden dialogue .","It's another dead end, kill-by-numbers flick, complete with blade-fine and terrible characters, pun loaded dialogue.",NEGATIVE,0.9998155236244202,True,0.8636363636363636,0.2,0.7526315789473684,19,0.0,0.6245614035087719,19,0.28205128205128205,0.3291598889023261
538,de,"it 's so mediocre , despite the dynamic duo on the marquee , that we just ca n't get no satisfaction .","It's so mediocre, despite the dynamic duo on the marquee that we just don't get satisfaction.",NEGATIVE,0.999817430973053,True,0.8846153846153846,0.8,0.9565217391304348,23,0.8,0.7350877192982455,19,0.10784313725490197,0.5101141759332432
538,fr,"it 's so mediocre , despite the dynamic duo on the marquee , that we just ca n't get no satisfaction .","It's so mediocre, despite the dynamic duo on the marquise, that we don't get any satisfaction.",NEGATIVE,0.999817430973053,True,0.7692307692307693,0.6,0.9428571428571428,20,0.6,0.8161764705882354,17,0.1568627450980392,0.4612748007636325
383,de,"a warm but realistic meditation on friendship , family and affection .","a warm but realistic meditation on friendship, family and affection.",POSITIVE,0.9998738765716552,True,1.0,1.0,1.0,12,1.0,1.0,12,0.02857142857142857,1.0000000000000004
383,fr,"a warm but realistic meditation on friendship , family and affection .","a warm but realistic meditation on friendship, family and affection.",POSITIVE,0.9998738765716552,True,1.0,1.0,1.0,12,1.0,1.0,12,0.02857142857142857,1.0000000000000004
317,de,"all-in-all , the film is an enjoyable and frankly told tale of a people who live among us , but not necessarily with us .","all-in-all, the movie is a gratifying and openly told story of a people who live among us, but not necessarily with us.",POSITIVE,0.9998759031295776,True,0.8,0.4,0.9353383458646616,20,0.0,0.631578947368421,20,0.2231404958677686,0.613110679876037
317,fr,"all-in-all , the film is an enjoyable and frankly told tale of a people who live among us , but not necessarily with us .","All in all, the film is a pleasant and frankly told tale of a people who live among us, but not necessarily with us.",POSITIVE,0.9998759031295776,True,0.88,0.8,0.8927159796725015,22,0.6,0.8351214003387919,22,0.11570247933884298,0.7406093667638121
208,de,"and the lesson , in the end , is nothing new .","and the lesson, in the end, is nothing new.",NEGATIVE,0.9997264742851256,True,1.0,1.0,1.0,10,1.0,1.0,10,0.06521739130434782,1.0000000000000004
208,fr,"and the lesson , in the end , is nothing new .","And the lesson, in the end, is nothing new.",NEGATIVE,0.9997264742851256,True,1.0,1.0,1.0,10,1.0,1.0,10,0.06521739130434782,0.9036020036098446
286,de,"at its best , queen is campy fun like the vincent price horror classics of the '60s .","in his best, queen is campy fun like the vincent price horror classics of the 60s.",POSITIVE,0.9998302459716796,True,0.8421052631578947,0.8,0.8970588235294116,16,0.6,0.9714285714285712,15,0.08235294117647059,0.7694297399066491
286,fr,"at its best , queen is campy fun like the vincent price horror classics of the '60s .","at its best, the queen is campy fun as the classics of horror of vincent prices of the 1960s.",POSITIVE,0.9998302459716796,True,0.7894736842105263,0.6,0.9428571428571428,15,0.8,0.8417582417582418,14,0.3978494623655914,0.28592291256793106
569,de,"one of those energetic surprises , an original that pleases almost everyone who sees it .","one of these energetic surprises, an original that pleases almost everyone who sees it.",POSITIVE,0.999887466430664,True,0.9411764705882352,1.0,0.9794117647058824,16,0.8,0.975,15,0.033707865168539325,0.8371170098777919
569,fr,"one of those energetic surprises , an original that pleases almost everyone who sees it .","one of these energetic surprises, an original that pleases almost everyone who sees it.",POSITIVE,0.999887466430664,True,0.9411764705882352,1.0,0.9794117647058824,16,0.8,0.975,15,0.033707865168539325,0.8371170098777919
181,de,it 's a bad thing when a movie has about as much substance as its end credits blooper reel .,it's a bad thing if a movie has about as much substance as its end credits blooper role.,NEGATIVE,0.9997588992118835,True,0.9047619047619048,0.6,0.9070175438596492,19,0.8,0.9436274509803922,17,0.08695652173913043,0.6507561416639396
181,fr,it 's a bad thing when a movie has about as much substance as its end credits blooper reel .,It's a bad thing when a movie has as much substance as its end credits blooper real.,NEGATIVE,0.9997588992118835,True,0.9047619047619048,0.8,0.7947368421052632,19,0.8,0.9509803921568628,17,0.09782608695652174,0.6511582133926848
52,de,"mr. tsai is a very original artist in his medium , and what time is it there ?","Mr. Tsai is a very original artist in his medium, and what time is it?",POSITIVE,0.998622179031372,True,0.9473684210526316,1.0,0.9876160990712076,18,0.8,0.948529411764706,17,0.10256410256410256,0.7396881790087367
52,fr,"mr. tsai is a very original artist in his medium , and what time is it there ?","Mr. Tsai is a very original artist in his medium, and what time is he here?",POSITIVE,0.998622179031372,True,0.8947368421052632,0.8,0.9534313725490198,17,1.0,0.9911764705882352,16,0.0641025641025641,0.6792310722877626
564,de,the plot convolutions ultimately add up to nothing more than jerking the audience 's chain .,The plot-convolutions ultimately add up to nothing more than to jerk the audience chain.,NEGATIVE,0.9995219707489014,True,0.8421052631578947,0.6,0.9470588235294116,16,0.6,0.8021978021978022,13,0.11956521739130435,0.45039050702207406
564,fr,the plot convolutions ultimately add up to nothing more than jerking the audience 's chain .,The convolutions of the plot eventually add to nothing more than masturbating the public chain.,NEGATIVE,0.9995219707489014,True,0.6842105263157895,0.4,0.8956043956043955,13,0.4,0.5878787878787878,10,0.45263157894736844,0.22401521369401362
349,de,... turns so unforgivably trite in its last 10 minutes that anyone without a fortified sweet tooth will likely go into sugar shock .,... turns so unforgivably trite in its last 10 minutes that anyone without a attached sweet tooth will probably go into sugar shock.,NEGATIVE,0.9970731735229492,True,0.9285714285714286,0.8,0.9386220003825984,26,1.0,0.996103896103896,21,0.09848484848484848,0.7847574847738749
606,de,makes for a pretty unpleasant viewing experience .,makes for a rather unpleasant viewing experience.,NEGATIVE,0.9993359446525574,True,0.875,0.8,1.0,7,0.8,0.9285714285714288,7,0.12,0.5000000000000001
606,fr,makes for a pretty unpleasant viewing experience .,made for a rather unpleasant viewing experience.,NEGATIVE,0.9993359446525574,True,0.75,0.4,0.942857142857143,6,0.6,0.6,6,0.16,0.4111336169005198
407,de,more whiny downer than corruscating commentary .,more whiny downer than corresive comment.,NEGATIVE,0.9990591406822203,True,0.6923076923076923,0.4,0.4166666666666666,9,0.8,0.8999999999999998,5,0.20833333333333334,0.43472087194499137
407,fr,more whiny downer than corruscating commentary .,More stormy than the corrupting commentary.,NEGATIVE,0.9990591406822203,True,0.3076923076923077,0.4,-0.3999999999999999,4,0.4,-0.3999999999999999,4,0.3333333333333333,0.14535768424205484
186,de,"pacino is brilliant as the sleep-deprived dormer , his increasing weariness as much existential as it is physical .","pacino is brilliant as the sleep-necessary dormant, its increasing fatigue as much existential as it is physical.",POSITIVE,0.9934484362602234,True,0.7272727272727273,0.4,0.9529411764705882,16,0.4,0.832967032967033,14,0.1826086956521739,0.5781724197275697
186,fr,"pacino is brilliant as the sleep-deprived dormer , his increasing weariness as much existential as it is physical .","pacino is brilliant as the sleeper deprived of sleep, its increasing weariness as existential as it is physical.",POSITIVE,0.9934484362602234,True,0.7727272727272727,0.8,0.9901960784313728,17,0.4,0.6879120879120879,14,0.1565217391304348,0.4881010344921758
157,de,it takes talent to make a lifeless movie about the most heinous man who ever lived .,It takes talent to make a lifeless film about the most disgusting man who's ever lived.,NEGATIVE,0.9997040629386902,True,0.7894736842105263,0.4,0.7964285714285713,15,0.4,0.8357142857142855,15,0.1839080459770115,0.4381951253767691
157,fr,it takes talent to make a lifeless movie about the most heinous man who ever lived .,It takes talent to make a lifeless film about the most heinous man ever lived.,NEGATIVE,0.9997040629386902,True,0.8947368421052632,0.6,0.9362745098039216,17,1.0,0.9571428571428572,15,0.11904761904761904,0.5756799653136483
723,de,"vera 's three actors -- mollà , gil and bardem -- excel in insightful , empathetic performances .","Vera's three actors -- mollà , Gil and Bardem -- are characterized by insightful, sensitive performances.",POSITIVE,0.9998769760131836,True,0.8095238095238095,0.6,0.9436274509803922,17,0.4,0.9076923076923076,14,0.26666666666666666,0.27098211583470044
723,fr,"vera 's three actors -- mollà , gil and bardem -- excel in insightful , empathetic performances .","the three actors of vera -- mullà, glil and bardem -- excellent in insightful and empathic performances.",POSITIVE,0.9998769760131836,True,0.6666666666666666,0.4,0.7978021978021977,14,0.6,0.7000000000000001,11,0.2692307692307692,0.1340082578177889
826,de,a quiet treasure -- a film to be savored .,a silent treasure -- a movie to enjoy.,POSITIVE,0.9998559951782228,True,0.4545454545454545,0.4,0.8999999999999998,5,0.4,0.3999999999999999,5,0.42857142857142855,0.1888588859215946
826,fr,a quiet treasure -- a film to be savored .,a quiet treasure -- a movie to enjoy.,POSITIVE,0.9998559951782228,True,0.5454545454545454,0.4,0.942857142857143,6,0.4,0.2571428571428572,6,0.3333333333333333,0.4344371253135792
648,de,"further proof that the epicenter of cool , beautiful , thought-provoking foreign cinema is smack-dab in the middle of dubya 's axis of evil .","further proof that the epicenter of cool, beautiful, thought-provoking foreign cinema is smack-dab in the middle of dubya's axis of evil.",POSITIVE,0.997564435005188,True,1.0,1.0,0.9999999999999998,29,1.0,1.0,25,0.028368794326241134,0.8482942955247804
648,fr,"further proof that the epicenter of cool , beautiful , thought-provoking foreign cinema is smack-dab in the middle of dubya 's axis of evil .","additional proof that the epicentre of cool foreign cinema, beautiful, stimulating thought is smack-dab in the middle of the axis of dubya evil.",POSITIVE,0.997564435005188,True,0.7931034482758621,0.8,0.7658102766798419,23,0.4,0.6375939849624059,20,0.4583333333333333,0.3484912275982145
298,de,serving sara does n't serve up a whole lot of laughs .,Serving sara doesn't serve a lot of laughter.,NEGATIVE,0.9997041821479796,True,0.6428571428571429,0.4,0.5666666666666667,9,0.6,0.8166666666666667,9,0.24074074074074073,0.089919739867717
298,fr,serving sara does n't serve up a whole lot of laughs .,Serving sara does not serve much laughter.,NEGATIVE,0.9997041821479796,True,0.3571428571428571,0.4,0.3,5,0.2,0.8999999999999998,5,0.37037037037037035,0.07966506956353643
18,de,... the movie is just a plain old monster .,... the movie is just a simple old monster.,NEGATIVE,0.9992817044258118,True,0.8888888888888888,0.8,0.880952380952381,8,0.8,0.9523809523809524,8,0.16279069767441862,0.7348889200874659
18,fr,... the movie is just a plain old monster .,...the film is just an old monster.,NEGATIVE,0.9992817044258118,True,0.6666666666666666,0.4,0.942857142857143,6,0.6,0.942857142857143,6,0.27906976744186046,0.3453155548318878
279,de,... with `` the bourne identity '' we return to the more traditional action genre .,... with `` the bourne identity '' we return to the more traditional action genre.,POSITIVE,0.9951257109642028,True,1.0,1.0,1.0,14,1.0,1.0,14,0.012048192771084338,1.0000000000000004
279,fr,... with `` the bourne identity '' we return to the more traditional action genre .,... with ``labourne'' identity we return to the kind of more traditional action.,POSITIVE,0.9951257109642028,True,0.8571428571428571,0.4,0.3578947368421052,12,0.4,0.5314685314685316,12,0.30120481927710846,0.46259579885866436
76,de,the movie fails to live up to the sum of its parts .,the film does not live up to the sum of its parts.,NEGATIVE,0.9997559189796448,True,0.8181818181818182,0.2,0.0999999999999999,9,0.75,0.9166666666666666,9,0.23076923076923078,0.6652049901111006
76,fr,the movie fails to live up to the sum of its parts .,the film does not manage to live up to the sum of its parts.,NEGATIVE,0.9997559189796448,True,0.8181818181818182,0.0,-0.0499999999999999,9,0.75,0.9,9,0.2833333333333333,0.641386525898168
353,de,"for movie lovers as well as opera lovers , tosca is a real treat .","for movie lovers as well as opera lovers, Tosca is a real treat.",POSITIVE,0.9998812675476074,True,1.0,1.0,1.0,14,1.0,1.0,13,0.030303030303030304,0.8003203203845001
353,fr,"for movie lovers as well as opera lovers , tosca is a real treat .","For movie lovers as well as opera lovers, tosca is a real treat.",POSITIVE,0.9998812675476074,True,1.0,1.0,1.0,14,1.0,1.0,13,0.030303030303030304,0.9253911813809742
38,de,"as surreal as a dream and as detailed as a photograph , as visually dexterous as it is at times imaginatively overwhelming .","as surreal as a dream and as detailed as a photograph, as visually dexterous as it is sometimes imaginatively overwhelming.",POSITIVE,0.9991269707679749,True,0.8947368421052632,1.0,0.9803921568627452,17,0.8,0.932142857142857,15,0.04838709677419355,0.8337411129887958
38,fr,"as surreal as a dream and as detailed as a photograph , as visually dexterous as it is at times imaginatively overwhelming .","as surreal as a dream and as detailed as a photograph, as visually dexterious as it is sometimes imaginatively overwhelming.",POSITIVE,0.9991269707679749,True,0.8421052631578947,1.0,0.9794117647058824,16,0.6,0.934065934065934,14,0.056451612903225805,0.7061595846869687
361,de,"a very long movie , dull in stretches , with entirely too much focus on meal preparation and igloo construction .","a very long film, dull in stretches, with far too much focus on the preparation of food and igloo construction.",NEGATIVE,0.9998056292533876,True,0.8636363636363636,0.6,0.9701754385964912,19,1.0,0.806372549019608,17,0.23008849557522124,0.47179913573365384
361,fr,"a very long movie , dull in stretches , with entirely too much focus on meal preparation and igloo construction .","a very long film, dull in stretching, with quite too much attention on the preparation of meals and the construction of igloo.",NEGATIVE,0.9998056292533876,True,0.7727272727272727,0.8,0.8627450980392157,17,1.0,0.7249999999999999,15,0.3888888888888889,0.1333497993210919
226,de,"of course , by more objective measurements it 's still quite bad .","of course, by more objective measurements it is still quite bad.",NEGATIVE,0.9997952580451964,True,0.8571428571428571,0.8,1.0,12,0.8,0.9860139860139862,12,0.045454545454545456,0.7611606003349888
226,fr,"of course , by more objective measurements it 's still quite bad .","Of course, by more objective measures it's still pretty bad.",NEGATIVE,0.9997952580451964,True,0.8571428571428571,0.6,0.965034965034965,12,0.6,0.8881118881118882,12,0.18181818181818182,0.34686261461719164
785,de,"aside from minor tinkering , this is the same movie you probably loved in 1994 , except that it looks even better .","Apart from small making, this is the same movie you probably loved in 1994, except that it looks even better.",POSITIVE,0.9959178566932678,True,0.7916666666666666,0.8,0.856140350877193,19,0.6,0.6824561403508772,19,0.14782608695652175,0.8238874726594144
785,fr,"aside from minor tinkering , this is the same movie you probably loved in 1994 , except that it looks even better .","Apart from minor DIY, it's the same movie you probably liked in 1994, except it looks even better.",POSITIVE,0.9959178566932678,True,0.6666666666666666,0.4,0.8441176470588234,16,0.6,0.7999999999999999,16,0.23478260869565218,0.4438562211047832
528,de,"it haunts , horrifies , startles and fascinates ; it is impossible to look away .","It haunts, horrors, scares and fascinates; it is impossible to look away.",POSITIVE,0.9985213875770568,True,0.75,0.6,0.8214285714285712,15,1.0,0.958041958041958,12,0.13580246913580246,0.6389431042462729
528,fr,"it haunts , horrifies , startles and fascinates ; it is impossible to look away .","He haunts, horrifies, surprises and fascinates; it is impossible to look away.",POSITIVE,0.9985213875770568,True,0.9,1.0,0.7275541795665634,18,1.0,0.9615384615384616,13,0.13580246913580246,0.7447819789879645
326,de,a beguiling splash of pastel colors and prankish comedy from disney .,a beguiling splash of pastel colors and fondling comedy from Disney.,POSITIVE,0.9994012117385864,True,0.875,0.8,0.9296703296703296,14,1.0,0.8909090909090911,11,0.11594202898550725,0.5859059370151705
326,fr,a beguiling splash of pastel colors and prankish comedy from disney .,a splash of pastel colors and comedy stuffing disney.,POSITIVE,0.9994012117385864,True,0.625,0.4,0.6606060606060605,10,0.6,0.9833333333333332,9,0.391304347826087,0.3938895060484148
66,de,"if you 're hard up for raunchy college humor , this is your ticket right here .","If you're tough on tough college humor, this is your ticket here.",POSITIVE,0.8316606283187866,True,0.65,0.4,0.8241758241758241,13,0.6,0.6428571428571429,13,0.2911392405063291,0.3862497427788515
66,fr,"if you 're hard up for raunchy college humor , this is your ticket right here .","If you're hard for college humor, it's your ticket here.",POSITIVE,0.8316606283187866,True,0.65,0.2,0.5164835164835164,13,0.4,0.5989010989010989,13,0.31645569620253167,0.13006426228162168
717,de,a rigorously structured and exquisitely filmed drama about a father and son connection that is a brief shooting star of love .,"a rigorously structured and exquisitely filmed drama about a father-son connection, which is a short shooting star of love.",POSITIVE,0.9998792409896852,True,0.9,0.4,0.869969040247678,18,0.8,0.9730392156862748,17,0.12698412698412698,0.564769228922859
717,fr,a rigorously structured and exquisitely filmed drama about a father and son connection that is a brief shooting star of love .,a strictly structured and filmed drama about a father-son bond that is a short star of love filming.,POSITIVE,0.9998792409896852,True,0.7,0.2,0.3714285714285714,14,0.4,0.5516483516483517,14,0.3888888888888889,0.22495618488663066
424,de,a good piece of work more often than not .,a good piece of work more often than not.,POSITIVE,0.999869465827942,True,1.0,1.0,1.0,10,1.0,1.0,10,0.023809523809523808,1.0000000000000004
424,fr,a good piece of work more often than not .,a good piece of work most often than not.,POSITIVE,0.999869465827942,True,0.9,0.6,0.9333333333333332,9,1.0,0.9833333333333332,9,0.07142857142857142,0.6580370064762461
689,de,"once the 50 year old benigni appears as the title character , we find ourselves longing for the block of wood to come back .","As soon as 50-year-old Benigni appears as the title figure, we long for the wooden block to come back.",NEGATIVE,0.9932149648666382,True,0.7083333333333334,0.0,0.6004901960784315,17,0.6,0.85,16,0.4112903225806452,0.2335943386304457
689,fr,"once the 50 year old benigni appears as the title character , we find ourselves longing for the block of wood to come back .","Once the 50-year-old benigni appears as the title character, we find ourselves wanting the wooden block back.",NEGATIVE,0.9932149648666382,True,0.75,0.6,0.8885448916408669,18,0.4,0.7769607843137256,17,0.21774193548387097,0.4230420774026694
817,de,a strangely compelling and brilliantly acted psychological drama .,a strangely convincing and brilliantly staged psychological drama.,POSITIVE,0.999883770942688,True,0.8,0.6,0.7380952380952381,8,0.6,0.8928571428571429,7,0.15151515151515152,0.26084743001221455
817,fr,a strangely compelling and brilliantly acted psychological drama .,a strangely convincing and brilliantly acted psychological drama.,POSITIVE,0.999883770942688,True,0.9,0.8,1.0,9,0.6,0.8571428571428572,8,0.09090909090909091,0.6606328636027612
